FIPS,Male_Obesity_%,Female_Obesity_%
1001,37.1,38.79
1003,33.47,33.9
1005,41.51,51.62
1007,40.65,45.2
1009,38.37,41.56
1011,41.9,56.05
1013,39.81,50.28
1015,37.96,41.39
1017,40.68,47.68
1019,39.47,41.72
1021,41.84,44.26
1023,41.25,49.86
1025,41.77,46.61
1027,39.22,45.37
1029,37.39,41.26
1031,39.05,39.67
1033,40.23,41.57
1035,40.58,49.47
1037,41.58,48.43
1039,40.9,40.31
1041,40.62,44.82
1043,37.36,40.48
1045,39.08,44.13
1047,39.99,56.22
1049,38.87,40.95
1051,36.9,39.31
1053,41.63,44.11
1055,38.11,39.55
1057,42.35,43.86
1059,38.4,39.11
1061,41.36,43.16
1063,43.82,58.03
1065,43.5,55.48
1067,40.8,47.44
1069,39.51,41.2
1071,37.78,39.83
1073,33.49,43.76
1075,40.3,38.32
1077,34.95,38.85
1079,40.55,46.07
1081,36.31,39.49
1083,39.07,40.91
1085,41.56,55.29
1087,39.87,53.85
1089,33.98,38.01
1091,41.86,50.59
1093,38.89,39.15
1095,37.24,38.74
1097,38.07,42.05
1099,38.97,49.73
1101,36.58,45.12
1103,38.34,40.37
1105,42.66,57.36
1107,41.8,48.27
1109,39.03,46.49
1111,40.24,43.97
1113,41.32,48.28
1115,37.66,42.86
1117,37.17,32.38
1119,41.05,54.78
1121,39.97,48.7
1123,37.54,45.24
1125,37.18,43.03
1127,39.02,42.46
1129,40.58,46.19
1131,41.9,57.84
1133,38.5,41.95
2013,29.72,37.76
2016,30.7,36.23
2020,31.84,36.67
2050,36.08,51.22
2060,36.94,41.95
2070,36.02,48.85
2090,35.43,33.28
2100,35.59,38.27
2232,38.82,41.72
2232,38.82,41.72
2110,32.78,36.55
2122,35.49,39.26
2280,37.1,39.03
2280,37.1,39.03
2280,37.1,39.03
2280,37.1,39.03
2150,32.95,35.79
2164,40.21,52.03
2170,34.72,37.77
2180,33.33,46.27
2185,37.37,43.81
2188,37.21,51.25
2280,37.1,39.03
2280,37.1,39.03
2280,37.1,39.03
2280,37.1,39.03
2280,37.1,39.03
2280,37.1,39.03
2280,37.1,39.03
2280,37.1,39.03
2220,35.16,32.53
2232,38.82,41.72
2232,38.82,41.72
2240,36.75,37.07
2261,35.08,38.38
2270,38.3,55.51
2280,37.1,39.03
2280,37.1,39.03
2280,37.1,39.03
2280,37.1,39.03
2282,36.79,39.91
2911,38.97,41.88
2911,38.97,41.88
4001,36.44,49.35
4003,31.04,36.13
4005,26.68,32.88
4007,35.59,38.1
4009,38.59,42.58
4011,35.97,39.23
4012,41.24,41.53
4013,31.59,32.59
4015,35.17,33.58
4017,35.41,42.58
4019,31.36,33.44
4021,39.6,40.35
4023,32.25,37.0
4025,29.68,29.22
4027,39.04,41.39
5001,40.0,44.9
5003,38.84,45.48
5005,34.73,34.04
5007,35.82,34.02
5009,34.49,33.15
5011,38.92,46.68
5013,39.29,44.74
5015,36.01,33.62
5017,41.79,52.36
5019,38.76,40.05
5021,42.02,42.39
5023,37.59,36.17
5025,38.35,40.58
5027,38.98,43.48
5029,38.88,39.84
5031,37.41,37.57
5033,37.45,38.51
5035,38.19,50.18
5037,40.22,44.56
5039,40.61,47.14
5041,40.23,48.57
5043,37.8,42.99
5045,37.25,34.22
5047,35.73,36.87
5049,38.45,36.75
5051,35.4,35.28
5053,38.27,40.13
5055,41.49,38.5
5057,41.84,43.65
5059,38.54,40.82
5061,41.47,43.66
5063,36.85,37.19
5065,37.81,35.05
5067,41.72,45.64
5069,38.98,49.39
5071,39.57,39.41
5073,42.63,45.78
5075,43.18,40.4
5077,42.44,56.12
5079,42.7,47.14
5081,40.92,41.61
5083,37.96,38.29
5085,39.98,37.84
5087,38.13,38.92
5089,38.53,36.57
5091,40.34,44.04
5093,41.25,48.28
5095,41.74,51.48
5097,38.77,37.84
5099,42.91,44.26
5101,38.07,38.38
5103,39.82,47.53
5105,39.03,37.08
5107,40.29,53.78
5109,40.62,37.29
5111,42.38,46.08
5113,38.49,39.4
5115,37.05,38.34
5117,40.75,43.59
5119,34.31,37.88
5121,41.95,37.04
5123,40.85,52.14
5125,34.98,38.46
5127,37.42,39.3
5129,38.69,42.27
5131,33.25,34.44
5133,40.74,46.35
5135,40.0,34.87
5137,36.92,38.37
5139,35.58,44.0
5141,36.46,39.3
5143,34.29,34.98
5145,37.87,39.6
5147,42.08,49.1
5149,39.98,40.36
6001,24.05,30.57
6003,32.07,33.97
6005,34.03,35.1
6007,31.58,34.29
6009,34.42,34.78
6011,37.27,39.69
6013,31.79,30.8
6015,37.01,40.23
6017,27.05,27.46
6019,38.3,41.91
6021,35.75,38.79
6023,31.77,34.82
6025,36.99,42.9
6027,34.55,34.83
6029,37.07,41.04
6031,37.39,41.63
6033,33.27,37.49
6035,34.71,35.26
6037,27.12,33.72
6039,39.16,42.29
6041,22.94,21.08
6043,36.26,35.36
6045,31.27,33.43
6047,41.81,45.43
6049,34.6,36.07
6051,33.86,31.73
6053,33.9,34.39
6055,31.52,32.93
6057,28.03,27.32
6059,27.04,27.68
6061,28.01,26.0
6063,32.2,32.52
6065,35.21,36.01
6067,32.24,36.72
6069,36.16,38.23
6071,33.58,38.82
6073,29.61,30.62
6075,18.35,20.87
6077,35.5,40.2
6079,29.89,29.32
6081,22.79,25.47
6083,30.12,29.76
6085,23.92,27.96
6087,28.82,29.03
6089,33.71,34.42
6091,32.51,32.35
6093,32.58,34.81
6095,32.63,37.03
6097,29.27,30.51
6099,36.33,42.26
6101,32.12,34.51
6103,34.57,36.58
6105,32.32,33.57
6107,38.51,43.72
6109,31.84,32.57
6111,31.66,29.9
6113,32.49,33.96
6115,35.3,40.06
8014,27.59,28.48
8014,27.59,28.48
8014,27.59,28.48
8014,27.59,28.48
8014,27.59,28.48
8003,30.29,33.86
8005,25.69,27.19
8007,27.88,26.36
8009,35.9,37.33
8011,38.25,43.79
8014,27.59,28.48
8014,27.59,28.48
8014,27.59,28.48
8014,27.59,28.48
8014,27.59,28.48
8014,27.59,28.48
8014,27.59,28.48
8014,27.59,28.48
8014,27.59,28.48
8014,27.59,28.48
8015,24.13,23.95
8017,36.66,37.43
8019,26.89,25.84
8021,30.57,33.57
8023,33.59,39.06
8025,37.71,46.94
8027,32.44,30.96
8029,28.11,27.69
8031,23.83,28.17
8033,30.07,30.2
8035,24.31,18.55
8037,22.0,20.89
8039,27.96,24.0
8041,25.9,28.5
8043,31.31,29.83
8045,26.73,24.29
8047,29.48,29.53
8049,25.89,24.96
8051,25.57,23.7
8053,29.56,27.41
8055,35.09,38.67
8057,28.47,29.9
8014,27.59,28.48
8014,27.59,28.48
8014,27.59,28.48
8014,27.59,28.48
8014,27.59,28.48
8061,35.34,35.2
8063,36.66,37.95
8065,25.39,26.78
8067,23.14,22.77
8069,24.94,24.34
8071,33.92,36.24
8073,35.0,36.72
8075,32.77,36.33
8077,29.83,26.98
8079,30.57,29.73
8081,33.9,33.05
8083,27.96,31.22
8085,28.72,28.22
8087,35.09,37.58
8089,36.58,40.39
8091,26.94,25.41
8093,26.85,23.91
8095,35.79,37.16
8097,21.25,18.48
8099,36.2,38.97
8101,33.08,35.62
8103,26.93,24.16
8105,31.26,33.55
8107,23.26,18.95
8109,33.34,37.63
8111,31.08,32.28
8113,29.57,28.75
8115,35.6,37.27
8117,23.66,22.26
8119,25.11,22.56
8121,34.01,34.75
8014,27.59,28.48
8014,27.59,28.48
8014,27.59,28.48
8014,27.59,28.48
8014,27.59,28.48
8125,35.74,35.83
9001,27.01,26.86
9003,31.77,34.62
9005,30.08,28.72
9007,32.2,30.78
9009,32.54,36.19
9011,31.5,32.83
9013,30.75,32.68
9015,35.54,36.63
10001,40.19,44.19
10003,35.65,35.46
10005,38.0,39.73
11001,22.37,35.34
12001,28.59,33.71
12003,42.67,42.06
12005,32.24,35.69
12007,43.69,46.61
12009,35.58,34.33
12011,33.38,30.48
12013,37.39,46.92
12015,33.01,34.9
12017,38.79,35.29
12019,36.73,34.94
12021,33.85,27.6
12023,41.15,41.81
12027,38.22,43.96
12029,42.25,40.97
12031,36.07,37.49
12033,33.83,36.29
12035,35.78,33.22
12037,36.9,38.18
12039,37.27,51.05
12041,38.91,40.89
12043,37.75,40.04
12045,34.95,38.51
12047,43.84,44.82
12049,44.93,47.51
12051,39.2,46.25
12053,36.7,34.34
12055,38.12,39.41
12057,33.29,35.85
12059,38.4,41.78
12061,33.45,31.19
12063,37.54,44.11
12065,37.26,45.64
12067,38.11,39.79
12069,36.76,35.03
12071,34.95,32.34
12073,33.29,37.14
12075,40.12,39.85
12077,38.22,43.49
12079,39.73,47.35
12081,34.49,32.93
12083,37.6,38.77
12085,30.41,25.97
12086,33.85,34.02
12087,30.49,24.49
12089,36.67,32.77
12091,35.06,30.98
12093,40.33,43.18
12095,32.99,35.41
12097,36.07,39.6
12099,31.26,30.54
12101,35.72,33.84
12103,32.53,33.04
12105,38.62,41.96
12107,41.99,44.02
12109,33.32,28.61
12111,38.05,36.19
12113,35.1,30.61
12115,31.8,25.88
12117,33.91,31.06
12119,38.57,35.71
12121,38.55,41.03
12123,40.07,42.27
12125,45.5,47.68
12127,34.9,34.44
12129,39.33,40.25
12131,34.52,32.55
12133,36.54,42.79
13001,40.7,45.88
13003,41.41,48.23
13005,40.01,46.43
13007,39.03,47.86
13009,38.02,45.01
13011,38.66,39.4
13013,36.94,38.84
13015,37.3,36.28
13017,39.66,47.83
13019,40.98,43.95
13021,35.66,43.14
13023,42.21,46.99
13025,41.29,42.12
13027,38.98,47.03
13029,33.24,36.77
13031,36.73,42.98
13033,41.56,53.23
13035,40.61,44.12
13037,42.72,56.54
13039,36.92,37.16
13043,39.66,46.8
13045,36.18,39.75
13047,38.98,38.78
13049,44.32,49.48
13051,33.89,40.89
13053,35.39,40.23
13055,42.14,43.78
13057,34.71,29.9
13059,34.78,37.99
13061,40.37,53.13
13063,37.62,44.92
13065,44.13,48.82
13067,33.38,29.4
13069,39.47,44.5
13071,39.31,44.86
13073,31.13,32.46
13075,39.7,47.49
13077,34.33,36.56
13079,39.13,42.96
13081,38.9,49.18
13083,39.06,36.9
13085,34.28,31.54
13087,40.17,46.95
13089,28.34,38.15
13091,42.56,44.3
13093,40.82,51.52
13095,37.56,49.17
13097,34.6,35.1
13099,41.6,49.66
13101,44.17,45.26
13103,38.61,41.97
13105,40.34,44.28
13107,40.79,48.95
13109,38.65,47.96
13111,35.91,36.34
13113,29.64,30.35
13115,34.19,40.62
13117,30.57,25.74
13119,37.9,41.38
13121,27.14,31.83
13123,36.92,39.22
13125,40.56,43.71
13127,37.94,37.35
13129,36.95,38.93
13131,39.28,47.79
13133,38.08,45.13
13135,31.24,32.06
13137,35.88,38.55
13139,33.98,35.03
13141,41.63,55.35
13143,38.15,41.14
13145,35.8,37.34
13147,37.92,41.52
13149,41.11,44.02
13151,34.7,35.73
13153,35.75,39.13
13155,39.8,46.09
13157,38.55,35.18
13159,37.62,40.56
13161,39.71,45.19
13163,42.95,55.19
13165,43.63,54.46
13167,43.3,51.13
13169,36.45,39.27
13171,40.88,45.69
13173,41.61,44.68
13175,38.98,45.34
13177,36.58,37.91
13179,34.92,43.82
13181,40.02,45.23
13183,39.2,46.32
13185,38.27,40.95
13187,34.88,36.71
13189,42.36,48.77
13191,40.9,44.92
13193,40.84,49.97
13195,40.19,39.76
13197,39.72,46.11
13199,41.65,48.41
13201,38.48,43.37
13205,42.13,50.85
13207,38.84,42.08
13209,39.4,46.1
13211,38.12,39.96
13213,40.36,42.66
13215,37.42,44.88
13217,38.12,38.84
13219,33.44,30.9
13221,40.14,40.39
13223,38.03,33.05
13225,39.77,43.92
13227,36.2,34.54
13229,39.46,43.74
13231,38.64,41.06
13233,36.55,40.35
13235,41.43,47.16
13237,37.24,41.7
13239,45.25,54.41
13241,35.02,36.91
13243,43.95,55.02
13245,36.56,44.06
13247,33.49,38.04
13249,41.7,47.05
13251,42.95,50.39
13253,38.52,44.93
13255,40.01,46.92
13257,37.85,43.39
13259,38.62,55.33
13261,37.85,47.98
13263,41.88,51.11
13265,45.25,55.91
13267,39.93,49.76
13269,41.98,48.45
13271,39.78,46.95
13273,44.33,57.39
13275,34.56,44.5
13277,37.06,45.38
13279,38.41,45.48
13281,35.57,35.44
13283,42.7,49.0
13285,38.27,41.37
13287,42.09,52.45
13289,43.69,52.27
13291,33.4,33.94
13293,41.15,45.92
13295,40.47,41.21
13297,36.76,38.28
13299,38.05,44.64
13301,42.51,53.04
13303,40.81,50.18
13305,40.63,42.94
13307,39.38,47.51
13309,41.67,49.45
13311,34.54,35.21
13313,38.67,39.19
13315,41.18,48.75
13317,41.21,47.37
13319,39.5,45.93
13321,40.88,45.73
15001,29.15,28.0
15003,27.99,25.46
15005,30.25,28.05
15005,30.25,28.05
15007,26.89,25.59
15005,30.25,28.05
15005,30.25,28.05
16001,31.42,30.22
16003,36.52,36.72
16005,35.44,37.02
16007,33.0,32.27
16009,35.12,36.21
16011,38.33,42.59
16013,28.14,24.26
16015,36.98,38.04
16017,29.94,31.19
16019,36.9,34.3
16021,33.59,35.42
16023,35.17,34.2
16025,36.39,34.37
16027,35.46,41.22
16029,37.46,36.39
16031,39.18,39.51
16033,38.86,40.97
16035,34.58,36.22
16037,34.3,33.18
16039,34.91,36.09
16041,34.48,33.9
16043,31.86,30.26
16045,36.84,40.37
16047,38.28,40.74
16049,35.23,35.61
16051,38.16,35.36
16053,38.35,44.04
16055,31.56,32.5
16057,30.77,33.66
16059,33.99,33.04
16061,35.45,36.54
16063,36.5,38.49
16065,35.8,34.96
16067,37.6,41.99
16069,37.7,38.52
16071,35.23,34.58
16073,38.02,43.86
16075,34.16,38.28
16077,37.41,37.83
16079,36.76,36.9
16081,31.19,29.18
16083,33.02,38.28
16085,32.82,32.61
16087,37.22,39.48
17001,33.66,36.29
17003,41.72,48.51
17005,35.89,37.36
17007,35.66,36.91
17009,38.43,39.52
17011,36.13,36.47
17013,36.27,36.13
17015,37.19,36.72
17017,38.68,39.18
17019,32.22,36.33
17021,39.35,36.41
17023,39.28,38.63
17025,36.95,39.04
17027,38.18,36.57
17029,36.78,37.9
17031,31.27,37.26
17033,39.3,37.91
17035,36.73,36.97
17037,35.3,36.02
17039,39.81,36.69
17041,38.41,39.84
17043,32.91,28.41
17045,38.08,39.83
17047,37.79,37.19
17049,32.86,35.03
17051,37.53,40.81
17053,39.03,38.19
17055,38.24,39.07
17057,38.26,40.11
17059,41.43,41.32
17061,37.15,38.87
17063,39.26,35.04
17065,38.98,40.31
17067,36.28,32.79
17069,40.4,40.44
17071,38.4,37.26
17073,37.9,34.62
17075,38.08,38.35
17077,35.5,40.17
17079,36.98,36.71
17081,36.84,39.43
17083,36.18,36.11
17085,35.63,33.84
17087,38.99,39.92
17089,37.07,36.27
17091,40.91,42.62
17093,36.37,32.17
17095,38.94,39.06
17097,30.15,30.81
17099,37.68,35.46
17101,42.72,39.62
17103,35.98,35.44
17105,40.14,38.76
17107,40.38,40.58
17109,35.99,36.04
17111,32.83,33.15
17113,35.9,35.54
17115,39.91,38.93
17117,36.69,41.24
17119,35.51,37.72
17121,38.67,40.32
17123,37.0,35.92
17125,37.87,39.31
17127,39.3,40.33
17129,38.0,37.39
17131,38.28,36.75
17133,36.96,34.11
17135,37.69,37.69
17137,38.24,38.47
17139,39.55,39.42
17141,36.11,36.07
17143,33.15,37.78
17145,39.38,39.8
17147,36.62,35.22
17149,36.63,36.78
17151,37.59,38.55
17153,40.41,46.19
17155,37.72,36.43
17157,40.69,40.36
17159,37.8,37.81
17161,35.31,37.26
17163,38.86,39.98
17165,39.26,40.51
17167,35.27,37.28
17169,37.36,37.0
17171,37.22,36.01
17173,37.03,36.53
17175,38.09,36.62
17177,36.78,37.23
17179,35.9,35.87
17181,38.2,40.49
17183,37.38,41.4
17185,39.58,37.01
17187,37.31,38.22
17189,38.76,37.34
17191,39.64,40.63
17193,39.63,39.4
17195,35.95,35.4
17197,38.25,36.57
17199,38.04,37.31
17201,35.51,38.46
17203,35.93,34.29
18001,38.73,39.2
18003,35.84,42.68
18005,35.83,35.33
18007,36.2,36.8
18009,40.56,38.59
18011,29.65,36.13
18013,36.82,34.77
18015,38.98,37.49
18017,40.17,41.7
18019,36.94,38.57
18021,40.17,41.61
18023,37.41,41.36
18025,38.6,41.25
18027,39.87,43.24
18029,38.07,36.2
18031,39.19,35.83
18033,34.7,38.42
18035,39.22,41.45
18037,35.49,37.87
18039,33.35,41.57
18041,42.18,41.89
18043,36.64,35.44
18045,36.84,38.23
18047,38.34,34.88
18049,39.68,38.92
18051,37.34,36.98
18053,37.85,41.38
18055,36.63,39.29
18057,27.34,29.32
18059,35.84,35.19
18061,38.53,36.06
18063,35.72,37.86
18065,40.91,39.18
18067,38.18,42.04
18069,40.62,41.58
18071,36.6,36.74
18073,38.37,38.31
18075,40.97,40.63
18077,36.11,39.5
18079,38.15,37.14
18081,35.64,36.48
18083,39.25,37.86
18085,36.04,39.27
18087,39.52,45.76
18089,39.2,43.74
18091,40.16,40.54
18093,36.21,39.36
18095,41.02,44.67
18097,34.16,41.26
18099,36.67,38.12
18101,36.51,41.46
18103,38.08,43.27
18105,32.12,32.56
18107,36.13,39.9
18109,37.2,39.42
18111,39.13,41.63
18113,33.79,43.64
18115,38.16,36.65
18117,36.8,42.01
18119,39.47,39.93
18121,39.3,42.52
18123,37.37,39.37
18125,38.93,39.0
18127,36.34,37.34
18129,37.77,37.05
18131,40.16,38.44
18133,38.8,39.84
18135,39.14,40.97
18137,38.05,35.25
18139,38.99,37.14
18141,35.54,39.41
18143,38.45,40.92
18145,39.53,38.4
18147,38.18,35.99
18149,41.96,41.29
18151,37.22,38.39
18153,39.71,40.91
18155,39.62,40.87
18157,34.13,33.71
18159,35.66,38.26
18161,36.5,35.9
18163,35.53,39.94
18165,36.8,39.21
18167,37.6,40.55
18169,38.25,42.88
18171,37.37,38.37
18173,35.65,35.05
18175,38.14,39.1
18177,35.41,40.39
18179,39.18,36.82
18181,38.54,39.2
18183,36.5,42.33
19001,37.32,33.95
19003,36.83,36.13
19005,36.69,34.76
19007,36.86,38.53
19009,38.59,36.99
19011,38.5,38.01
19013,35.76,37.04
19015,39.89,37.34
19017,33.19,34.65
19019,37.07,37.05
19021,38.88,35.99
19023,35.84,33.65
19025,36.49,35.73
19027,36.11,37.28
19029,38.43,38.4
19031,39.9,37.1
19033,35.81,33.18
19035,36.55,34.59
19037,36.5,35.48
19039,38.62,36.95
19041,34.81,33.95
19043,36.45,35.67
19045,37.21,36.84
19047,39.45,37.79
19049,39.29,34.16
19051,37.47,38.25
19053,36.27,35.99
19055,37.45,38.33
19057,37.57,38.4
19059,34.13,33.3
19061,33.92,34.7
19063,36.93,37.79
19065,38.87,37.82
19067,35.32,34.88
19069,39.27,37.4
19071,38.66,37.21
19073,38.77,38.82
19075,36.14,34.04
19077,37.26,35.27
19079,39.13,34.76
19081,36.45,36.12
19083,37.15,36.39
19085,39.06,35.73
19087,37.37,35.58
19089,37.04,36.03
19091,36.65,37.72
19093,37.37,34.25
19095,37.59,37.46
19097,37.41,36.58
19099,39.08,39.99
19101,32.09,36.01
19103,25.29,27.15
19105,36.4,36.22
19107,36.08,37.09
19109,34.79,36.8
19111,38.46,37.68
19113,36.31,35.17
19115,39.89,42.51
19117,37.59,40.25
19119,35.23,34.4
19121,38.62,33.29
19123,35.71,37.48
19125,35.73,38.57
19127,38.83,39.66
19129,38.21,33.37
19131,37.54,35.41
19133,36.9,34.96
19135,35.76,37.38
19137,38.36,37.65
19139,40.37,43.06
19141,35.35,35.81
19143,37.27,37.14
19145,38.36,37.29
19147,39.01,37.44
19149,38.35,36.21
19151,35.5,34.89
19153,35.9,35.41
19155,38.77,37.4
19157,37.0,36.34
19159,36.04,34.22
19161,36.7,35.22
19163,36.42,34.71
19165,38.9,35.99
19167,36.07,34.81
19169,34.66,34.27
19171,38.06,37.72
19173,35.29,34.77
19175,36.85,33.62
19177,37.62,36.7
19179,36.13,37.56
19181,39.53,38.24
19183,37.5,38.05
19185,36.13,37.42
19187,38.03,36.84
19189,36.13,33.68
19191,35.12,32.47
19193,37.5,38.35
19195,39.48,35.43
19197,37.24,38.02
20001,39.1,42.43
20003,38.47,40.84
20005,39.45,41.79
20007,36.7,36.59
20009,38.52,41.06
20011,38.06,42.68
20013,35.94,38.3
20015,38.27,37.84
20017,38.93,36.95
20019,37.48,40.36
20021,41.12,41.76
20023,35.1,33.69
20025,36.17,35.78
20027,35.65,35.99
20029,37.4,36.65
20031,36.92,36.92
20033,37.23,36.98
20035,38.74,41.25
20037,39.49,40.22
20039,34.95,33.74
20041,37.33,39.18
20043,38.77,39.71
20045,31.82,32.58
20047,37.93,37.14
20049,38.22,37.8
20051,35.8,34.14
20053,36.75,37.21
20055,38.66,39.69
20057,39.25,43.63
20059,38.29,39.45
20061,35.23,38.56
20063,34.37,33.15
20065,34.67,35.49
20067,37.47,37.97
20069,41.05,41.22
20071,35.13,35.75
20073,36.88,36.04
20075,34.79,36.6
20077,37.62,39.25
20079,37.7,38.3
20081,39.49,41.14
20083,37.25,36.36
20085,36.18,38.56
20087,37.62,37.89
20089,35.95,34.94
20091,30.73,29.03
20093,37.42,39.06
20095,38.29,39.19
20097,35.83,35.24
20099,37.86,41.91
20101,37.91,36.06
20103,36.67,39.52
20105,35.62,37.44
20107,37.69,40.54
20109,34.85,32.58
20111,39.03,38.46
20113,38.81,37.52
20115,38.85,38.44
20117,37.26,34.86
20119,36.96,36.79
20121,36.99,38.86
20123,36.57,36.5
20125,38.11,39.2
20127,36.86,35.59
20129,34.31,34.3
20131,34.95,33.87
20133,39.28,39.15
20135,36.68,34.67
20137,35.76,35.57
20139,38.53,40.9
20141,35.84,35.6
20143,36.34,37.59
20145,37.1,36.56
20147,35.98,34.93
20149,37.29,35.76
20151,37.61,35.74
20153,36.53,34.84
20155,36.67,39.09
20157,34.46,33.52
20159,36.07,37.16
20161,32.02,33.08
20163,35.44,34.53
20165,37.36,36.67
20167,36.59,36.74
20169,37.14,41.6
20171,37.78,37.12
20173,34.89,38.97
20175,38.57,42.22
20177,38.14,39.55
20179,34.91,34.07
20181,37.4,35.46
20183,35.22,34.51
20185,37.62,37.73
20187,38.89,40.54
20189,36.32,36.66
20191,39.61,41.46
20193,37.38,33.63
20195,36.25,35.83
20197,37.23,35.41
20199,36.9,36.67
20201,36.63,35.87
20203,35.8,37.57
20205,39.44,38.74
20207,36.34,37.44
20209,41.12,50.08
21001,40.73,43.4
21003,38.15,42.18
21005,39.23,35.71
21007,38.19,38.09
21009,34.75,39.33
21011,41.44,43.47
21013,41.31,43.55
21015,35.84,34.63
21017,38.98,41.75
21019,38.44,40.03
21021,36.69,34.47
21023,40.28,40.98
21025,44.23,50.35
21027,38.06,40.46
21029,40.58,39.77
21031,40.89,42.45
21033,39.57,40.19
21035,35.38,34.65
21037,36.63,36.2
21039,38.44,37.78
21041,40.04,43.24
21043,42.5,40.75
21045,42.44,44.95
21047,40.07,40.99
21049,38.4,37.57
21051,42.99,47.92
21053,42.12,46.73
21055,41.95,42.36
21057,40.07,43.52
21059,37.47,34.94
21061,38.46,39.58
21063,40.26,42.78
21065,39.77,43.09
21067,30.76,34.19
21069,41.48,41.01
21071,44.84,46.31
21073,37.21,40.97
21075,41.26,46.31
21077,40.57,42.4
21079,40.91,39.81
21081,39.22,40.03
21083,38.73,39.4
21085,40.1,42.2
21087,38.44,41.96
21089,43.28,42.33
21091,36.17,35.47
21093,35.03,36.89
21095,43.35,42.55
21097,38.0,41.37
21099,41.39,44.45
21101,38.67,39.9
21103,38.63,41.5
21105,39.96,42.52
21107,38.32,41.49
21109,42.14,48.02
21111,34.58,39.51
21113,36.3,34.76
21115,43.47,46.98
21117,38.38,36.29
21119,45.04,47.7
21121,40.21,44.56
21123,37.15,40.15
21125,38.6,41.48
21127,41.9,45.41
21129,41.58,47.7
21131,44.99,44.66
21133,44.54,44.31
21135,46.11,45.57
21137,41.7,44.1
21139,39.83,39.61
21141,39.33,40.42
21143,39.07,38.73
21145,35.96,34.87
21147,38.59,42.97
21149,39.32,41.41
21151,37.15,37.15
21153,42.95,46.79
21155,37.14,37.91
21157,37.74,35.63
21159,43.15,50.44
21161,39.44,38.46
21163,38.0,40.0
21165,41.83,45.3
21167,39.41,36.29
21169,41.1,44.14
21171,37.9,42.34
21173,39.45,40.02
21175,40.29,45.03
21177,39.06,42.25
21179,38.63,36.8
21181,40.82,42.45
21183,38.78,42.18
21185,34.87,32.67
21187,37.67,39.93
21189,46.87,52.99
21191,38.52,40.26
21193,43.39,44.24
21195,41.09,43.18
21197,40.56,43.96
21199,37.77,37.47
21201,41.92,43.6
21203,42.33,45.45
21205,38.64,38.65
21207,38.57,40.98
21209,37.78,40.34
21211,38.21,39.24
21213,38.07,37.55
21215,38.63,35.61
21217,36.52,41.1
21219,40.18,43.02
21221,39.88,39.13
21223,38.47,40.44
21225,41.16,41.2
21227,33.95,36.62
21229,38.99,36.62
21231,39.18,43.39
21233,41.38,42.38
21235,38.12,41.19
21237,44.56,50.86
21239,35.52,36.29
22001,41.62,38.75
22003,45.62,44.94
22005,39.4,37.72
22007,43.14,46.05
22009,44.38,46.92
22011,41.73,40.07
22013,41.36,46.08
22015,38.92,37.62
22017,37.22,42.58
22019,41.5,39.66
22021,41.18,40.35
22023,42.0,40.47
22025,44.06,45.42
22027,41.05,47.82
22029,44.86,45.44
22031,42.47,46.95
22033,37.95,39.41
22035,46.59,58.95
22037,40.42,42.99
22039,43.55,44.34
22041,43.14,47.14
22043,40.64,41.8
22045,39.99,42.34
22047,42.14,47.11
22049,41.18,41.7
22051,38.17,40.57
22053,44.51,43.02
22055,35.39,35.17
22057,45.37,43.87
22059,41.1,40.37
22061,39.65,41.06
22063,40.85,39.78
22065,42.95,53.51
22067,42.62,48.37
22069,42.76,47.18
22071,33.08,43.14
22073,39.61,41.34
22075,40.82,41.45
22077,41.68,45.42
22079,39.75,42.92
22081,43.49,49.24
22083,44.32,49.61
22085,42.84,45.38
22087,38.11,39.25
22089,42.37,42.14
22091,40.98,48.37
22093,41.74,45.28
22095,43.15,47.12
22097,41.87,46.35
22099,40.81,45.17
22101,41.94,47.49
22103,37.38,34.08
22105,40.83,46.23
22107,42.03,51.51
22109,43.76,46.44
22111,40.62,47.86
22113,41.31,39.81
22115,40.73,43.2
22117,42.22,47.93
22119,42.59,43.42
22121,40.73,41.25
22123,44.22,46.24
22125,42.39,43.61
22127,41.78,43.58
23001,35.07,40.01
23003,38.26,41.19
23005,27.8,28.2
23007,34.41,37.61
23009,31.5,32.25
23011,33.22,36.18
23013,31.01,29.99
23015,28.79,30.2
23017,34.57,37.55
23019,36.27,39.56
23021,37.51,39.5
23023,30.62,33.79
23025,38.55,42.6
23027,33.55,36.36
23029,37.13,40.26
23031,31.95,33.03
24001,37.36,39.68
24003,35.89,33.81
24005,33.75,36.0
24009,37.42,37.06
24011,40.95,43.48
24013,36.89,36.02
24015,38.94,38.64
24017,37.94,42.23
24019,40.5,47.07
24021,34.18,33.4
24023,35.89,41.51
24025,37.47,35.49
24027,31.03,28.14
24029,35.93,37.85
24031,24.81,25.51
24033,35.95,45.52
24035,36.7,34.53
24037,36.65,39.01
24039,42.65,51.74
24041,35.46,34.5
24043,38.15,39.08
24045,37.37,43.75
24047,37.42,41.34
24510,35.36,46.15
25001,27.85,24.0
25003,27.89,31.66
25005,35.88,36.51
25007,29.13,25.31
25009,33.16,30.6
25011,28.14,30.82
25013,35.14,38.13
25015,27.96,29.09
25017,30.43,29.91
25019,30.84,26.34
25021,28.06,25.09
25023,32.99,31.35
25025,26.15,32.95
25027,32.51,32.59
26001,38.23,39.14
26003,38.06,38.13
26005,36.25,39.21
26007,36.27,37.57
26009,33.22,37.82
26011,41.65,42.56
26013,39.71,38.71
26015,38.37,42.85
26017,42.06,40.38
26019,33.56,35.02
26021,39.06,40.39
26023,40.04,41.44
26025,39.77,44.63
26027,35.98,40.39
26029,32.78,34.9
26031,39.16,39.49
26033,39.83,39.66
26035,40.02,39.56
26037,39.06,38.83
26039,36.66,40.22
26041,37.65,38.32
26043,36.19,32.49
26045,39.7,40.94
26047,33.28,35.14
26049,41.1,46.23
26051,41.15,40.75
26053,35.76,34.09
26055,31.64,34.65
26057,41.28,45.06
26059,40.35,39.93
26061,34.47,32.67
26063,39.32,36.79
26065,35.12,39.24
26067,40.18,44.72
26069,39.48,41.24
26071,36.87,34.68
26073,40.52,39.33
26075,40.38,41.83
26077,34.16,38.39
26079,35.59,38.85
26081,35.65,38.06
26083,35.12,30.27
26085,40.91,45.62
26087,39.45,39.98
26089,32.25,33.01
26091,38.58,39.51
26093,35.34,32.96
26095,38.46,38.82
26097,37.74,38.05
26099,36.04,38.19
26101,34.13,37.02
26103,36.61,35.52
26105,37.4,38.01
26107,38.38,38.63
26109,39.6,37.4
26111,39.02,36.22
26113,37.68,40.6
26115,41.83,41.45
26117,39.53,40.91
26119,38.34,39.94
26121,37.3,43.61
26123,39.93,41.18
26125,31.71,32.87
26127,40.24,42.55
26129,38.97,40.51
26131,34.67,32.7
26133,40.06,39.4
26135,39.67,41.78
26137,34.58,35.5
26139,33.58,34.0
26141,39.67,39.2
26143,38.0,40.98
26145,42.18,47.52
26147,37.88,38.67
26149,35.76,43.15
26151,40.19,39.26
26153,37.3,38.26
26155,38.85,43.32
26157,42.41,39.31
26159,36.3,40.18
26161,27.02,29.57
26163,38.09,44.49
26165,35.12,39.54
27001,36.59,35.48
27003,37.48,35.82
27005,35.46,35.6
27007,35.07,37.34
27009,34.48,37.47
27011,35.61,35.48
27013,33.23,34.7
27015,38.12,34.54
27017,36.52,35.31
27019,35.94,31.24
27021,37.45,35.07
27023,37.17,36.99
27025,36.62,32.96
27027,39.22,36.49
27029,37.34,38.36
27031,34.13,34.04
27033,36.81,34.57
27035,34.44,33.25
27037,34.71,31.47
27039,40.11,39.63
27041,35.23,31.37
27043,36.69,36.24
27045,38.38,35.3
27047,39.66,35.69
27049,38.55,35.29
27051,36.8,34.7
27053,28.43,30.4
27055,35.61,32.71
27057,35.26,35.97
27059,36.14,34.75
27061,35.12,33.22
27063,35.97,34.86
27065,36.52,37.15
27067,35.6,35.78
27069,36.38,34.36
27071,36.47,35.52
27073,34.42,33.43
27075,35.2,34.28
27077,37.42,35.45
27079,36.82,37.74
27081,35.4,34.39
27083,35.65,34.3
27085,39.13,35.66
27087,39.13,44.09
27089,39.11,36.82
27091,34.76,35.83
27093,39.59,36.16
27095,34.54,37.88
27097,36.01,36.93
27099,38.79,38.59
27101,35.72,33.52
27103,34.93,36.38
27105,35.79,35.14
27107,37.44,35.39
27109,27.04,31.03
27111,36.95,34.11
27113,37.33,34.93
27115,37.67,37.83
27117,37.44,36.51
27119,38.11,35.34
27121,35.75,33.58
27123,28.68,33.31
27125,38.27,34.35
27127,37.41,35.73
27129,37.74,38.18
27131,36.75,34.78
27133,36.66,34.58
27135,37.48,35.87
27137,33.35,34.98
27139,34.99,31.61
27141,36.04,36.44
27143,38.05,39.27
27145,35.77,32.98
27147,36.41,35.19
27149,35.07,34.06
27151,36.97,36.31
27153,37.8,37.12
27155,37.53,36.96
27157,39.68,36.19
27159,37.2,37.03
27161,38.69,36.16
27163,32.66,30.05
27165,38.26,38.15
27167,39.21,36.03
27169,39.33,37.72
27171,36.36,34.36
27173,35.24,34.58
28001,39.74,48.6
28003,35.92,38.79
28005,42.51,48.58
28007,40.71,50.05
28009,42.14,50.22
28011,39.99,49.98
28013,42.4,44.09
28015,37.66,43.36
28017,42.61,43.3
28019,37.56,44.09
28021,37.46,55.59
28023,39.4,44.97
28025,38.75,46.09
28027,41.6,55.73
28029,39.23,49.14
28031,41.4,47.57
28033,38.01,39.37
28035,38.35,42.06
28037,42.8,48.17
28039,42.16,41.44
28041,44.65,47.94
28043,39.01,46.19
28045,41.69,38.89
28047,39.75,41.21
28049,35.19,47.72
28051,41.38,57.64
28053,44.17,59.08
28055,46.7,59.26
28057,39.01,39.23
28059,38.46,42.08
28061,42.54,50.79
28063,41.5,57.68
28065,39.83,50.83
28067,42.33,44.91
28069,40.59,51.41
28071,37.32,39.08
28073,37.11,39.91
28075,37.08,45.29
28077,37.67,44.5
28079,39.09,46.85
28081,37.61,36.29
28083,42.26,54.23
28085,39.97,47.92
28087,38.59,43.76
28089,33.31,37.14
28091,39.72,48.6
28093,42.01,53.09
28095,39.52,41.71
28097,39.71,48.3
28099,39.46,44.57
28101,36.61,46.2
28103,42.91,56.31
28105,34.21,41.64
28107,39.61,46.81
28109,40.76,39.81
28111,43.12,43.36
28113,39.89,49.65
28115,40.08,41.33
28117,37.48,43.28
28119,43.48,58.05
28121,38.36,36.4
28123,44.71,48.26
28125,42.24,55.06
28127,39.79,44.91
28129,40.93,46.39
28131,42.2,41.29
28133,43.98,56.38
28135,42.57,55.2
28137,39.35,42.76
28139,40.88,42.8
28141,36.75,35.19
28143,42.25,56.59
28145,40.07,41.92
28147,41.44,51.74
28149,38.24,47.75
28151,41.1,52.15
28153,43.11,47.63
28155,38.59,40.62
28157,43.59,52.15
28159,37.56,45.03
28161,41.28,44.21
28163,40.89,53.37
29001,34.48,38.82
29003,36.72,39.61
29005,37.85,37.61
29007,37.8,42.72
29009,36.64,35.61
29011,37.9,39.71
29013,39.68,41.42
29015,38.83,39.62
29017,40.35,39.97
29019,31.7,32.06
29021,40.97,43.37
29023,38.63,43.41
29025,38.48,38.49
29027,36.78,40.17
29029,35.72,33.92
29031,36.15,34.71
29033,38.18,39.19
29035,39.8,43.19
29037,38.12,41.53
29039,36.61,40.8
29041,38.38,39.9
29043,35.19,32.05
29045,37.3,36.43
29047,36.21,38.69
29049,39.21,41.04
29051,35.96,33.75
29053,37.62,38.62
29055,41.35,41.88
29057,37.75,39.38
29059,40.25,41.27
29061,38.13,37.24
29063,39.2,40.91
29065,39.98,40.4
29067,39.02,40.95
29069,44.53,47.58
29071,40.04,37.3
29073,38.79,37.94
29075,37.01,38.14
29077,34.96,35.34
29079,37.78,37.55
29081,38.79,37.66
29083,38.56,39.87
29085,38.51,40.17
29087,36.22,37.17
29089,39.51,38.75
29091,36.92,38.15
29093,40.78,43.24
29095,35.94,42.87
29097,37.74,39.9
29099,41.21,36.54
29101,37.68,40.97
29103,35.58,38.44
29105,38.94,39.35
29107,37.0,38.9
29109,37.81,37.19
29111,36.89,38.24
29113,40.6,40.31
29115,35.59,37.91
29117,36.99,36.87
29119,37.55,42.09
29121,36.01,39.89
29123,40.61,42.36
29125,39.85,41.06
29127,36.3,38.21
29129,37.22,36.42
29131,39.11,38.57
29133,43.75,48.68
29135,39.76,37.96
29137,37.18,39.0
29139,39.7,41.68
29141,37.36,39.49
29143,43.21,44.49
29145,35.07,40.26
29147,35.67,38.95
29149,40.57,41.15
29151,35.96,36.6
29153,39.11,39.38
29155,44.2,50.21
29157,38.79,39.25
29159,37.13,41.33
29161,35.92,37.53
29163,40.16,42.91
29165,34.86,36.33
29167,38.91,42.27
29169,36.79,37.76
29171,36.59,37.88
29173,37.0,37.74
29175,40.02,40.62
29177,38.5,41.19
29179,41.34,42.82
29181,41.43,44.41
29183,36.94,35.28
29185,37.62,40.01
29186,39.9,38.3
29187,39.93,41.47
29189,32.94,36.79
29195,38.62,41.7
29197,36.32,37.87
29199,38.34,39.91
29201,41.29,41.02
29203,39.47,42.45
29205,35.66,37.35
29207,41.15,40.77
29209,38.12,35.19
29211,36.77,38.69
29213,36.42,35.19
29215,38.21,41.49
29217,36.88,40.16
29219,40.79,38.4
29221,43.86,46.76
29223,41.04,43.44
29225,38.28,38.5
29227,37.88,37.42
29229,40.08,43.95
29510,36.29,44.96
30001,30.89,30.76
30003,37.79,48.66
30005,38.48,45.24
30007,30.72,29.55
30009,34.12,32.07
30011,36.12,36.54
30013,34.85,34.49
30015,37.51,39.2
30017,36.6,33.92
30019,31.27,30.32
30021,33.86,37.36
30023,32.96,33.39
30025,35.51,35.62
30027,33.88,32.7
30029,28.6,28.95
30031,26.11,21.89
30033,37.46,36.82
30035,37.24,46.77
30037,36.06,37.32
30039,32.2,30.92
30041,39.62,40.45
30043,29.57,27.74
30045,35.12,34.48
30047,32.69,34.27
30049,29.71,30.18
30051,40.0,41.13
30053,31.88,33.58
30055,34.44,34.83
30057,29.3,27.8
30059,34.26,34.41
30061,33.31,35.95
30063,25.98,28.91
30065,35.49,34.98
30067,29.9,26.5
30069,35.92,35.31
30071,34.29,35.65
30073,37.39,39.14
30075,37.94,36.29
30077,31.8,32.48
30079,36.72,37.27
30081,29.05,26.33
30083,35.71,37.15
30085,36.95,44.92
30087,39.47,42.32
30089,30.87,34.25
30091,35.66,34.63
30093,30.53,32.18
30095,33.27,31.48
30097,33.55,31.0
30099,34.86,35.01
30101,36.54,36.68
30103,30.54,30.71
30105,34.44,34.09
30107,36.58,35.97
30109,37.13,39.16
30111,33.49,34.69
31001,37.03,35.21
31003,35.37,35.47
31005,35.28,33.95
31007,37.41,36.28
31009,34.89,34.53
31011,34.22,34.57
31013,37.98,37.14
31015,34.35,33.92
31017,35.43,34.73
31019,36.4,35.45
31021,35.46,34.15
31023,38.31,37.01
31025,37.99,35.51
31027,36.6,33.83
31029,35.27,34.33
31031,34.54,34.5
31033,34.17,33.53
31035,37.23,35.81
31037,39.46,41.52
31039,36.68,35.49
31041,36.84,35.9
31043,42.34,41.9
31045,35.64,36.27
31047,41.2,40.48
31049,32.67,32.04
31051,37.96,36.61
31053,37.5,36.97
31055,35.03,37.14
31057,31.21,30.14
31059,36.43,35.47
31061,34.9,34.06
31063,37.07,35.9
31065,36.76,36.31
31067,39.53,39.94
31069,34.53,34.25
31071,34.39,33.63
31073,36.07,34.16
31075,35.78,34.58
31077,36.09,35.68
31079,38.03,40.94
31081,37.06,34.95
31083,35.58,34.44
31085,37.84,37.81
31087,36.69,36.4
31089,34.72,33.96
31091,34.3,33.28
31093,37.3,36.53
31095,38.03,38.02
31097,38.82,39.72
31099,36.75,34.39
31101,36.59,36.18
31103,36.08,36.76
31105,32.1,33.51
31107,36.07,36.12
31109,33.26,34.95
31111,39.18,40.08
31113,36.34,35.46
31115,36.03,35.95
31117,37.55,37.01
31119,34.67,37.85
31121,36.86,36.78
31123,37.85,37.63
31125,36.27,36.58
31127,36.55,35.81
31129,33.91,32.88
31131,39.61,40.51
31133,35.33,34.3
31135,35.22,34.65
31137,35.94,33.86
31139,32.93,32.27
31141,35.44,37.48
31143,36.14,34.74
31145,34.85,33.17
31147,35.77,35.24
31149,33.58,33.41
31151,38.0,41.29
31153,37.91,34.15
31155,38.94,36.28
31157,40.89,38.78
31159,37.51,33.92
31161,33.99,34.76
31163,37.13,36.31
31165,34.76,33.74
31167,35.86,35.84
31169,36.13,36.43
31171,35.52,35.18
31173,38.42,46.67
31175,33.6,32.7
31177,38.15,35.29
31179,35.38,34.99
31181,36.76,35.62
31183,34.98,34.06
31185,39.65,38.76
32001,35.54,37.56
32003,33.21,32.42
32005,30.83,27.26
32007,37.19,40.01
32009,37.74,38.67
32011,34.66,34.8
32013,37.49,37.29
32015,40.39,41.51
32017,35.41,34.28
32019,37.72,38.74
32021,37.68,40.06
32023,39.29,39.08
32027,36.16,38.41
32029,34.06,30.76
32031,30.02,28.41
32033,35.61,36.66
32510,32.36,28.99
33001,32.57,36.35
33003,29.3,30.88
33005,31.48,34.67
33007,35.66,38.56
33009,29.45,31.48
33011,34.58,32.89
33013,32.96,32.87
33015,34.44,29.03
33017,34.06,37.06
33019,34.87,34.1
34001,35.74,35.17
34003,27.87,26.11
34005,36.8,32.41
34007,34.99,36.59
34009,36.32,34.84
34011,41.16,41.69
34013,31.31,38.38
34015,36.75,35.7
34017,30.8,35.93
34019,27.7,25.05
34021,32.07,33.18
34023,30.68,29.45
34025,33.17,28.15
34027,29.4,25.69
34029,38.29,32.82
34031,33.75,34.72
34033,42.17,40.23
34035,29.06,26.41
34037,35.17,30.36
34039,30.51,34.36
34041,36.26,33.25
35001,27.64,30.54
35003,34.87,37.22
35005,36.82,42.32
35006,35.4,44.03
35007,32.41,32.82
35009,36.72,39.78
35011,36.66,40.52
35013,36.21,39.69
35015,37.49,40.88
35017,31.53,35.48
35019,33.25,36.92
35021,33.5,35.21
35023,32.97,40.07
35025,41.5,42.28
35027,31.84,32.55
35028,22.54,22.67
35029,36.78,42.7
35031,37.56,48.2
35033,27.27,31.45
35035,33.43,39.76
35037,36.96,40.3
35039,30.47,36.58
35041,37.88,41.56
35043,29.97,33.1
35045,35.99,39.02
35047,29.34,34.56
35049,20.96,23.64
35051,35.01,35.4
35053,33.0,40.04
35055,27.15,31.54
35057,31.58,35.09
35059,34.0,36.72
35061,33.55,40.39
36001,30.98,35.06
36003,39.38,36.4
36005,32.93,41.83
36007,35.15,35.41
36009,39.67,37.3
36011,38.43,36.24
36013,37.63,38.37
36015,36.13,39.67
36017,37.94,37.52
36019,35.71,34.68
36021,34.29,35.18
36023,36.35,35.72
36025,35.39,36.92
36027,34.06,31.79
36029,35.55,36.88
36031,33.49,34.08
36033,37.38,40.66
36035,37.71,37.14
36037,38.14,38.13
36039,35.2,38.38
36041,36.16,35.4
36043,38.61,37.41
36045,38.41,40.51
36047,28.66,37.04
36049,38.97,37.94
36051,38.39,39.28
36053,37.14,36.45
36055,35.07,39.81
36057,37.86,39.81
36059,30.33,28.73
36061,19.12,25.38
36063,39.69,38.05
36065,36.46,35.07
36067,37.19,35.15
36069,34.63,37.38
36071,35.91,36.32
36073,39.98,42.62
36075,40.15,40.1
36077,34.59,34.83
36079,34.53,30.52
36081,26.64,33.29
36083,33.53,35.42
36085,28.66,30.99
36087,34.38,29.73
36089,38.43,40.78
36091,33.44,31.84
36093,33.95,36.25
36095,35.95,37.58
36097,35.39,36.5
36099,37.88,39.78
36101,36.43,39.02
36103,35.23,30.48
36105,36.11,38.15
36107,36.88,38.65
36109,30.34,31.38
36111,35.41,35.15
36113,33.01,33.48
36115,35.03,37.19
36117,37.86,40.12
36119,27.63,24.91
36121,40.33,36.17
36123,35.95,38.48
37001,37.86,40.52
37003,38.32,37.8
37005,35.65,38.58
37007,37.71,47.4
37009,32.7,34.22
37011,34.79,35.95
37013,39.63,49.02
37015,41.37,54.24
37017,42.56,50.95
37019,37.76,38.67
37021,29.43,30.34
37023,36.12,36.65
37025,35.61,37.78
37027,37.76,37.57
37029,37.39,38.01
37031,34.24,36.57
37033,41.83,46.3
37035,33.04,36.57
37037,34.53,33.89
37039,32.22,35.73
37041,38.62,47.77
37043,33.87,35.27
37045,34.66,40.74
37047,39.53,45.92
37049,36.88,41.86
37051,38.39,44.13
37053,37.34,39.15
37055,34.32,34.29
37057,36.13,38.38
37059,35.99,35.86
37061,40.74,50.65
37063,31.67,39.05
37065,43.12,53.49
37067,30.85,34.22
37069,40.2,45.55
37071,33.99,37.74
37073,40.11,45.21
37075,35.17,41.21
37077,39.26,44.47
37079,39.54,49.74
37081,32.94,36.93
37083,44.29,53.42
37085,37.88,42.27
37087,32.56,34.28
37089,29.22,32.35
37091,39.01,52.49
37093,38.03,45.27
37095,41.31,48.49
37097,36.76,34.96
37099,33.71,37.29
37101,39.77,43.55
37103,38.49,47.14
37105,36.96,38.81
37107,39.72,50.06
37109,33.3,35.1
37111,36.27,40.86
37113,32.04,34.64
37115,34.54,38.61
37117,42.05,51.68
37119,32.28,33.61
37121,34.39,37.63
37123,37.27,45.16
37125,33.82,33.85
37127,37.46,45.48
37129,33.19,32.82
37131,41.9,53.46
37133,34.14,39.94
37135,22.46,25.76
37137,37.09,43.16
37139,39.97,44.77
37141,38.78,41.9
37143,37.69,41.1
37145,41.9,44.96
37147,37.53,44.62
37149,28.88,31.09
37151,35.32,37.95
37153,37.21,43.76
37155,41.33,53.95
37157,39.43,43.71
37159,38.24,40.32
37161,34.37,39.49
37163,41.16,51.46
37165,39.75,47.72
37167,35.16,38.37
37169,35.76,39.62
37171,37.44,40.87
37173,36.22,41.09
37175,31.02,31.32
37177,41.84,49.27
37179,36.38,33.97
37181,43.01,51.08
37183,31.0,33.44
37185,42.44,52.54
37187,40.93,51.72
37189,27.95,33.37
37191,37.69,45.61
37193,35.37,40.54
37195,39.36,48.49
37197,37.6,40.4
37199,33.52,35.31
38001,32.21,31.89
38003,36.92,35.29
38005,39.54,47.75
38007,35.73,35.46
38009,36.61,35.98
38011,34.64,34.19
38013,38.88,35.71
38015,34.25,32.18
38017,35.25,34.05
38019,36.1,35.06
38021,36.13,35.31
38023,38.17,35.92
38025,36.26,37.49
38027,35.61,35.18
38029,38.5,38.12
38031,34.85,33.45
38033,35.91,35.61
38035,37.76,36.22
38037,36.25,37.53
38039,36.1,34.87
38041,35.04,35.42
38043,38.12,37.82
38045,36.43,35.26
38047,40.66,40.63
38049,37.94,37.03
38051,39.96,40.32
38053,37.39,39.25
38055,37.44,36.7
38057,37.3,36.73
38059,38.16,37.17
38061,38.24,40.54
38063,37.71,36.51
38065,36.34,35.24
38067,35.93,35.06
38069,37.95,37.5
38071,35.36,35.34
38073,36.13,33.93
38075,36.41,34.37
38077,38.38,35.36
38079,37.58,50.99
38081,38.04,36.27
38083,36.51,36.54
38085,40.59,55.13
38087,36.89,36.77
38089,36.46,37.2
38091,39.05,36.78
38093,37.16,35.82
38095,36.86,36.25
38097,39.07,36.15
38099,37.75,37.03
38101,36.6,34.31
38103,36.49,35.71
38105,38.73,35.06
39001,40.92,42.7
39003,43.44,44.89
39005,38.96,37.5
39007,35.79,40.72
39009,37.73,40.92
39011,39.0,38.86
39013,37.6,40.8
39015,40.58,40.21
39017,37.45,35.86
39019,40.31,40.58
39021,39.06,39.22
39023,36.3,40.7
39025,37.3,35.83
39027,36.42,36.07
39029,39.46,43.0
39031,38.11,40.49
39033,39.47,41.88
39035,33.28,37.46
39037,37.5,40.58
39039,36.9,37.37
39041,34.55,30.03
39043,36.67,39.52
39045,39.17,39.77
39047,37.96,41.08
39049,35.82,39.52
39051,38.87,37.52
39053,39.08,41.23
39055,32.64,33.6
39057,33.06,34.84
39059,37.54,41.6
39061,32.71,38.09
39063,38.28,38.44
39065,41.43,40.86
39067,39.05,41.8
39069,39.5,38.44
39071,37.95,41.39
39073,39.36,42.31
39075,46.43,46.47
39077,37.66,41.55
39079,40.89,45.41
39081,41.26,40.2
39083,36.0,37.84
39085,35.08,33.17
39087,44.61,43.7
39089,38.58,38.67
39091,40.24,39.76
39093,38.04,39.03
39095,38.91,42.15
39097,39.2,39.13
39099,36.5,36.94
39101,38.68,41.3
39103,35.26,33.15
39105,40.23,42.94
39107,36.51,36.18
39109,37.13,37.76
39111,40.19,43.18
39113,36.76,38.97
39115,39.28,42.39
39117,38.07,41.62
39119,35.59,41.96
39121,42.68,44.4
39123,40.41,40.72
39125,37.98,40.28
39127,38.76,43.67
39129,41.43,42.66
39131,38.88,46.14
39133,37.11,36.16
39135,37.06,37.99
39137,39.35,37.82
39139,38.46,41.78
39141,36.63,44.72
39143,38.35,43.0
39145,42.57,44.29
39147,37.89,41.1
39149,37.27,38.64
39151,38.75,39.53
39153,35.79,35.7
39155,35.76,39.0
39157,40.34,40.08
39159,40.33,37.28
39161,37.06,39.64
39163,39.72,45.84
39165,35.55,30.77
39167,41.46,37.35
39169,38.7,36.35
39171,37.19,36.65
39173,38.4,39.19
39175,38.95,38.4
40001,40.94,45.88
40003,37.74,39.34
40005,39.58,41.84
40007,36.88,36.91
40009,38.28,37.92
40011,40.67,39.18
40013,38.79,38.68
40015,40.72,42.62
40017,37.15,35.97
40019,37.96,39.09
40021,39.49,43.1
40023,39.52,42.63
40025,38.51,40.23
40027,37.26,36.81
40029,41.89,44.43
40031,36.62,42.74
40033,38.76,41.38
40035,40.48,44.95
40037,37.95,42.73
40039,37.72,38.1
40041,40.41,41.08
40043,37.51,37.34
40045,34.84,34.84
40047,37.77,39.57
40049,40.94,39.5
40051,40.22,43.83
40053,39.05,39.49
40055,38.04,41.07
40057,38.45,43.59
40059,36.28,36.44
40061,40.9,42.57
40063,44.23,45.7
40065,34.78,40.83
40067,38.93,41.31
40069,40.45,40.93
40071,39.63,41.85
40073,38.69,37.44
40075,37.72,40.52
40077,38.06,39.9
40079,37.92,39.81
40081,37.83,41.77
40083,40.33,41.02
40085,37.89,38.98
40087,38.84,39.13
40089,40.65,43.28
40091,41.34,42.01
40093,37.46,36.78
40095,39.99,39.96
40097,40.92,42.2
40099,43.35,40.84
40101,36.23,42.25
40103,39.27,40.11
40105,39.56,44.97
40107,41.38,46.2
40109,35.96,38.0
40111,38.18,42.41
40113,37.93,43.87
40115,38.56,44.34
40117,37.43,41.41
40119,36.43,36.34
40121,40.86,40.2
40123,40.27,41.39
40125,40.41,43.01
40127,40.03,42.32
40129,36.3,36.25
40131,36.8,39.39
40133,43.43,43.58
40135,39.83,42.46
40137,37.09,38.41
40139,37.07,39.0
40141,38.46,44.33
40143,34.04,37.33
40145,37.1,38.8
40147,35.84,39.3
40149,39.38,37.46
40151,35.77,36.81
40153,36.44,36.22
41001,35.73,35.25
41003,31.81,31.87
41005,35.02,31.48
41007,35.52,35.0
41009,38.23,37.43
41011,36.84,41.52
41013,35.1,35.8
41015,36.84,36.71
41017,27.35,28.46
41019,35.25,40.97
41021,39.39,36.7
41023,34.88,34.88
41025,34.97,35.15
41027,34.77,35.55
41029,31.84,32.34
41031,35.41,41.94
41033,36.04,36.58
41035,31.48,37.16
41037,33.33,35.16
41039,33.0,33.89
41041,35.95,38.04
41043,34.79,38.52
41045,35.68,38.9
41047,36.2,40.18
41049,40.34,40.64
41051,27.72,32.18
41053,38.81,39.25
41055,39.27,36.78
41057,37.05,35.8
41059,39.7,43.18
41061,35.61,35.62
41063,35.07,35.5
41065,40.04,39.99
41067,31.95,31.93
41069,35.56,35.63
41071,37.44,36.31
42001,36.73,37.76
42003,35.47,35.46
42005,39.03,38.31
42007,38.43,40.8
42009,40.81,40.5
42011,36.15,37.5
42013,38.3,42.8
42015,36.78,41.33
42017,32.55,30.4
42019,36.22,36.21
42021,42.1,42.36
42023,39.14,40.02
42025,37.75,39.6
42027,32.39,37.57
42029,31.82,29.46
42031,37.59,38.31
42033,38.29,40.04
42035,37.42,41.21
42037,38.5,42.38
42039,33.88,40.01
42041,34.31,33.74
42043,35.86,42.68
42045,32.89,34.04
42047,36.56,36.74
42049,34.04,39.61
42051,41.16,42.9
42053,39.36,42.25
42055,38.49,39.75
42057,39.77,41.44
42059,39.28,44.22
42061,37.37,39.77
42063,37.59,38.14
42065,36.66,37.11
42067,39.43,43.84
42069,33.73,34.93
42071,35.72,39.38
42073,37.92,39.36
42075,39.41,39.48
42077,34.32,37.3
42079,37.69,37.09
42081,36.92,40.86
42083,37.78,36.61
42085,37.04,39.07
42087,39.79,41.57
42089,35.23,36.82
42091,30.71,29.99
42093,25.2,30.65
42095,35.98,37.5
42097,40.67,43.04
42099,36.68,43.3
42101,32.66,43.93
42103,36.64,36.11
42105,37.64,39.96
42107,39.18,41.37
42109,39.99,41.56
42111,39.16,43.67
42113,38.27,41.58
42115,37.25,39.26
42117,37.91,41.1
42119,35.45,39.25
42121,36.49,40.43
42123,36.27,37.94
42125,39.35,38.12
42127,35.91,36.69
42129,36.26,35.15
42131,36.74,40.68
42133,39.31,38.7
44001,30.28,27.26
44003,33.77,33.43
44005,29.37,27.29
44007,33.92,36.16
44009,29.98,27.79
45001,38.54,42.5
45003,37.91,42.23
45005,43.17,57.95
45007,35.38,38.2
45009,41.55,54.15
45011,41.99,48.71
45013,29.7,28.33
45015,37.45,48.56
45017,39.14,47.52
45019,30.27,36.39
45021,35.18,43.78
45023,39.79,46.4
45025,36.74,44.67
45027,41.01,51.96
45029,38.28,49.57
45031,34.27,47.03
45033,41.3,52.62
45035,36.39,37.85
45037,40.83,47.0
45039,40.91,49.96
45041,34.86,46.53
45043,35.55,42.95
45045,34.36,35.44
45047,38.83,41.96
45049,42.23,51.19
45051,36.57,36.66
45053,40.25,51.21
45055,33.8,42.04
45057,36.99,41.68
45059,39.96,46.31
45061,39.21,56.05
45063,35.26,39.35
45065,41.29,48.76
45067,37.03,51.08
45069,40.79,54.27
45071,41.08,45.4
45073,36.01,38.14
45075,39.35,52.29
45077,33.9,34.91
45079,33.32,41.21
45081,39.08,42.5
45083,32.87,36.94
45085,37.7,46.36
45087,40.3,45.33
45089,40.65,55.08
45091,34.59,36.85
46003,37.91,36.16
46005,40.74,35.53
46007,37.2,47.96
46009,37.67,36.84
46011,33.28,33.42
46013,35.13,35.53
46015,35.64,36.1
46017,38.32,53.61
46019,35.32,35.99
46021,38.48,37.72
46023,37.07,41.9
46025,37.15,35.32
46027,37.0,35.18
46029,35.39,34.5
46031,37.46,49.23
46033,35.32,33.94
46035,40.28,35.67
46037,36.17,37.64
46039,36.77,36.08
46041,41.0,53.21
46043,40.85,38.9
46045,36.95,36.57
46047,35.21,35.6
46049,37.85,37.62
46051,37.42,36.55
46053,36.17,37.59
46055,33.16,32.56
46057,36.5,36.18
46059,37.42,34.88
46061,38.76,35.89
46063,37.02,37.48
46065,35.96,36.13
46067,38.96,37.39
46069,38.09,38.34
46071,38.37,46.55
46073,37.04,35.66
46075,36.64,36.48
46077,36.4,34.31
46079,34.99,33.51
46081,32.62,30.53
46083,34.43,33.34
46085,38.02,43.64
46087,35.82,34.22
46089,39.7,40.76
46091,37.16,38.24
46093,33.55,34.4
46095,38.86,49.06
46097,34.67,33.76
46099,36.5,34.53
46101,35.61,35.79
46103,33.83,32.14
46105,36.51,37.02
46107,35.82,34.99
46109,37.59,41.68
46111,39.63,36.77
46113,40.05,57.74
46115,37.5,35.48
46117,36.43,35.71
46119,36.38,35.34
46121,38.75,55.27
46123,36.51,38.2
46125,38.08,35.02
46127,36.44,35.05
46129,36.94,38.37
46135,37.04,33.57
46137,38.58,54.12
47001,36.02,37.72
47003,40.82,42.75
47005,40.45,41.52
47007,41.16,42.27
47009,34.85,37.44
47011,36.77,38.12
47013,40.47,44.28
47015,38.84,42.48
47017,38.41,45.56
47019,36.74,41.32
47021,38.15,38.61
47023,39.37,46.5
47025,40.24,41.0
47027,41.69,45.11
47029,38.51,43.11
47031,37.0,41.16
47033,38.18,44.96
47035,37.56,35.23
47037,32.02,38.39
47039,39.14,41.34
47041,39.95,41.57
47043,37.56,39.07
47045,37.57,43.93
47047,38.95,44.59
47049,43.07,41.96
47051,38.08,40.12
47053,38.27,43.92
47055,40.81,42.6
47057,40.86,41.09
47059,35.67,44.14
47061,42.63,44.8
47063,37.16,39.72
47065,36.24,36.57
47067,40.2,45.18
47069,41.55,52.14
47071,37.01,41.41
47073,37.46,42.03
47075,39.99,51.96
47077,38.71,43.38
47079,36.93,41.64
47081,40.71,40.78
47083,39.22,40.83
47085,39.32,39.07
47087,41.91,43.8
47089,37.51,35.39
47091,37.86,42.61
47093,33.46,35.26
47095,43.42,52.09
47097,40.72,49.85
47099,39.16,39.43
47101,40.47,40.96
47103,39.78,40.48
47105,35.97,37.06
47107,37.48,40.4
47109,37.28,43.65
47111,40.09,42.28
47113,34.98,45.98
47115,40.05,39.74
47117,40.84,41.13
47119,39.25,40.22
47121,40.07,41.63
47123,37.52,43.79
47125,36.32,39.26
47127,40.53,41.01
47129,39.74,39.92
47131,39.55,42.75
47133,41.38,41.77
47135,40.65,40.65
47137,40.02,41.61
47139,36.61,39.1
47141,38.45,36.55
47143,40.04,41.91
47145,38.02,39.78
47147,38.55,38.72
47149,35.5,39.1
47151,39.4,42.36
47153,40.75,40.58
47155,35.62,35.84
47157,35.13,44.59
47159,40.11,39.75
47161,38.24,37.5
47163,36.73,38.31
47165,35.99,35.63
47167,37.8,41.63
47169,39.58,41.67
47171,37.39,41.96
47173,41.21,42.09
47175,40.59,40.18
47177,39.82,40.65
47179,31.84,37.18
47181,38.42,40.12
47183,37.31,42.54
47185,39.54,37.93
47187,30.64,28.92
47189,35.68,38.28
48001,38.22,38.12
48003,39.61,41.62
48005,37.69,42.16
48007,37.09,39.82
48009,37.58,37.05
48011,35.85,35.31
48013,35.79,41.89
48015,37.71,39.03
48017,37.79,41.57
48019,38.45,36.55
48021,36.47,38.37
48023,35.24,37.37
48025,39.06,43.45
48027,33.61,37.67
48029,37.44,41.11
48031,33.78,32.68
48033,36.49,37.08
48035,37.53,38.72
48037,38.74,38.28
48039,33.91,35.92
48041,34.95,36.84
48043,34.82,36.69
48045,37.09,38.77
48047,42.29,50.91
48049,36.89,37.37
48051,40.03,41.01
48053,34.72,34.52
48055,36.92,43.12
48057,37.31,39.86
48059,38.2,35.74
48061,41.91,46.69
48063,40.1,43.38
48065,37.51,35.43
48067,39.97,41.39
48069,38.28,41.93
48071,36.79,38.07
48073,37.94,43.14
48075,35.78,39.48
48077,37.6,36.03
48079,38.82,43.76
48081,35.75,37.55
48083,38.78,39.12
48085,29.51,29.69
48087,38.68,41.21
48089,35.72,41.95
48091,35.08,33.71
48093,38.38,39.25
48095,33.54,40.75
48097,38.93,38.82
48099,35.17,38.51
48101,39.31,43.58
48103,39.96,41.31
48105,41.97,44.62
48107,37.89,43.51
48109,37.21,46.0
48111,38.1,39.35
48113,35.16,39.41
48115,40.26,45.08
48117,38.11,43.83
48119,37.33,40.64
48121,36.21,35.48
48123,38.94,39.78
48125,38.74,42.94
48127,43.24,48.15
48129,37.61,38.79
48131,39.06,43.79
48133,40.71,39.01
48135,38.87,43.38
48137,37.25,43.34
48139,37.23,38.69
48141,35.93,40.41
48143,37.03,37.52
48145,37.96,45.66
48147,36.65,38.56
48149,36.22,39.78
48151,35.96,36.99
48153,38.38,41.92
48155,39.14,42.55
48157,32.63,32.0
48159,38.63,39.19
48161,38.67,40.54
48163,37.22,47.29
48165,42.27,46.66
48167,33.33,37.33
48169,40.26,47.25
48171,33.27,32.99
48173,36.83,36.42
48175,35.98,36.11
48177,38.81,45.48
48179,39.05,39.03
48181,34.86,35.69
48183,39.67,40.97
48185,41.33,43.12
48187,37.48,41.27
48189,38.72,41.7
48191,38.87,43.25
48193,36.32,36.47
48195,39.59,38.72
48197,34.82,38.84
48199,37.83,41.89
48201,35.04,38.62
48203,42.54,42.91
48205,39.17,39.38
48207,37.29,41.2
48209,35.08,36.36
48211,37.66,38.06
48213,37.66,39.64
48215,44.15,49.42
48217,37.97,41.7
48219,38.33,40.19
48221,36.91,35.9
48223,41.23,42.2
48225,39.1,41.62
48227,38.75,42.23
48229,39.09,49.13
48231,38.39,41.26
48233,41.07,37.55
48235,37.47,38.28
48237,39.23,39.27
48239,38.36,42.2
48241,37.1,42.18
48243,33.98,37.04
48245,37.03,43.0
48247,41.55,46.74
48249,38.59,45.22
48251,39.52,37.73
48253,40.63,44.36
48255,38.54,43.43
48257,38.62,40.02
48259,31.49,29.36
48261,38.04,42.61
48263,35.31,35.7
48265,32.72,34.43
48267,37.6,40.26
48269,36.77,37.76
48271,39.62,45.38
48273,36.06,42.77
48275,37.1,42.27
48277,36.04,37.07
48279,37.87,42.0
48281,35.83,37.01
48283,43.0,51.23
48285,37.68,40.09
48287,38.57,39.54
48289,39.47,38.25
48291,39.35,43.98
48293,38.52,42.49
48295,36.0,37.16
48297,37.16,40.75
48299,36.57,33.61
48301,36.41,37.82
48303,34.63,37.34
48305,37.63,41.47
48307,37.97,39.26
48309,35.44,41.48
48311,38.85,39.21
48313,40.64,42.81
48315,42.07,45.31
48317,38.25,40.95
48319,36.77,36.1
48321,37.72,40.92
48323,42.88,48.42
48325,37.0,41.38
48327,36.82,39.48
48329,37.39,35.25
48331,38.21,41.69
48333,36.56,37.86
48335,37.87,41.75
48337,38.49,38.19
48339,36.58,35.21
48341,39.09,41.12
48343,39.04,41.84
48345,35.44,36.56
48347,37.67,41.56
48349,37.48,43.82
48351,41.03,44.11
48353,37.81,40.08
48355,35.71,40.42
48357,39.46,40.34
48359,37.93,39.05
48361,38.01,42.63
48363,38.71,40.12
48365,40.96,42.6
48367,37.85,35.82
48369,39.05,43.76
48371,40.02,40.41
48373,39.5,44.15
48375,35.69,41.97
48377,38.28,46.6
48379,40.49,40.94
48381,32.39,31.18
48383,41.22,42.35
48385,38.35,40.64
48387,41.31,44.0
48389,41.35,48.49
48391,38.64,41.71
48393,36.09,33.39
48395,40.23,43.22
48397,33.7,32.83
48399,38.39,40.74
48401,40.04,44.08
48403,39.81,41.83
48405,41.05,46.19
48407,40.46,42.67
48409,38.99,43.02
48411,35.5,36.54
48413,35.86,38.82
48415,38.23,39.28
48417,38.12,36.87
48419,41.13,44.88
48421,39.44,39.22
48423,34.8,37.0
48425,35.51,34.31
48427,46.21,55.67
48429,39.06,38.81
48431,39.53,40.89
48433,36.76,37.83
48435,37.99,41.18
48437,37.82,40.82
48439,35.69,37.46
48441,35.7,35.7
48443,36.59,38.5
48445,39.72,44.31
48447,38.98,39.45
48449,37.6,40.76
48451,35.26,38.11
48453,29.31,33.54
48455,40.59,42.5
48457,38.01,43.36
48459,40.68,40.15
48461,38.45,40.32
48463,37.83,43.05
48465,39.32,46.24
48467,39.43,41.19
48469,36.47,37.53
48471,39.69,41.37
48473,40.24,42.64
48475,40.32,43.43
48477,38.02,39.04
48479,44.34,45.71
48481,38.8,43.4
48483,36.09,36.26
48485,35.94,37.89
48487,37.73,41.46
48489,43.82,50.75
48491,33.55,32.89
48493,36.78,39.98
48495,41.51,44.76
48497,39.14,38.73
48499,40.18,39.12
48501,39.77,42.26
48503,38.05,38.15
48505,45.19,51.34
48507,39.83,49.13
49001,32.9,33.41
49003,37.07,36.91
49005,32.37,34.09
49007,34.55,34.66
49009,34.26,33.9
49011,33.43,31.64
49013,33.72,34.19
49015,36.84,35.37
49017,33.93,33.82
49019,32.19,29.73
49021,33.25,34.23
49023,36.62,35.77
49025,32.15,30.91
49027,33.19,34.19
49029,28.69,27.57
49031,36.35,37.29
49033,31.25,30.3
49035,30.88,32.53
49037,34.13,42.81
49039,34.2,34.64
49041,34.61,35.01
49043,22.42,20.04
49045,38.41,37.34
49047,37.11,35.87
49049,34.46,31.33
49051,31.02,27.51
49053,33.02,31.0
49055,31.98,30.79
49057,33.5,35.53
50001,27.86,29.35
50003,29.21,30.4
50005,30.09,35.53
50007,26.46,26.42
50009,34.9,39.12
50011,35.38,36.83
50013,33.6,31.59
50015,30.33,31.86
50017,31.46,34.19
50019,34.62,35.76
50021,31.71,33.41
50023,27.15,28.48
50025,28.97,29.32
50027,30.2,29.66
51001,40.97,45.34
51003,29.62,29.22
51005,37.33,36.73
51007,41.77,42.93
51009,37.52,40.92
51011,39.18,41.08
51013,26.07,24.3
51015,34.62,38.37
51017,36.61,37.75
51019,34.14,33.89
51021,37.61,35.51
51023,34.98,32.65
51025,43.16,51.51
51027,44.04,42.53
51029,42.82,46.61
51031,37.59,39.91
51033,39.44,42.17
51035,38.31,42.04
51036,42.68,49.85
51037,42.25,45.12
51041,34.4,34.16
51043,38.05,34.52
51045,35.02,33.7
51047,39.01,36.91
51049,39.08,42.64
51051,44.27,41.69
51053,41.12,45.66
51057,38.77,42.85
51059,25.71,26.48
51061,37.12,31.68
51063,35.31,38.04
51065,38.67,36.35
51067,34.63,37.04
51069,37.39,36.55
51071,38.93,36.66
51073,34.9,36.49
51075,33.89,33.39
51077,38.4,41.07
51079,38.21,38.37
51081,41.25,51.19
51083,41.25,44.83
51085,34.03,33.65
51087,30.62,35.87
51089,37.35,43.72
51091,38.96,40.5
51093,38.31,40.56
51095,32.66,32.84
51097,39.78,44.73
51099,36.92,35.42
51101,36.31,38.69
51103,36.06,42.72
51105,39.71,42.18
51107,28.9,28.23
51109,39.3,37.97
51111,43.5,46.43
51113,38.21,38.81
51115,37.21,38.08
51117,42.35,44.19
51119,35.82,37.82
51121,30.35,36.09
51125,35.27,37.56
51127,36.49,38.86
51131,39.47,43.6
51133,36.61,40.53
51135,41.83,47.43
51137,39.07,38.28
51139,39.99,43.23
51141,36.92,41.44
51143,38.27,41.16
51145,39.07,36.88
51147,40.25,46.06
51149,40.28,42.81
51153,34.15,35.56
51155,35.79,38.03
51157,38.31,36.41
51159,40.6,44.98
51161,31.63,30.54
51163,36.09,37.97
51165,36.55,38.72
51167,43.02,40.85
51169,39.95,42.24
51171,36.05,38.54
51173,40.54,39.78
51175,40.57,45.85
51177,37.59,36.12
51179,36.63,34.99
51181,42.06,47.68
51183,44.23,53.27
51185,42.33,37.9
51187,37.42,36.98
51191,36.47,36.35
51193,40.96,43.49
51195,44.93,42.31
51197,36.91,39.77
51199,31.16,33.85
51510,25.67,26.9
51515,34.8,37.15
51520,41.7,42.0
51530,39.27,42.49
51540,23.14,27.72
51550,36.86,38.17
51570,33.42,34.16
51580,38.07,38.67
51590,36.0,44.6
51595,40.8,50.81
51600,22.02,22.85
51610,19.55,17.62
51620,38.36,46.54
51630,31.14,34.28
51640,33.37,38.44
51650,36.92,48.2
51660,32.05,38.51
51670,43.92,46.85
51678,33.91,40.24
51680,32.64,41.08
51683,33.49,36.08
51685,35.43,37.57
51690,30.23,39.28
51700,36.96,44.29
51710,38.74,47.03
51720,37.85,34.45
51730,42.33,55.43
51735,32.41,36.52
51740,43.69,49.39
51750,29.68,36.3
51760,31.63,43.51
51770,37.34,43.17
51775,33.22,33.96
51790,33.01,42.26
51800,38.94,42.84
51810,32.49,36.09
51820,31.78,41.37
51830,32.17,35.0
51840,31.26,33.98
53001,44.63,45.15
53003,36.76,37.86
53005,37.03,37.19
53007,32.27,32.75
53009,32.06,35.16
53011,34.34,37.0
53013,39.46,40.38
53015,41.44,42.09
53017,33.72,39.91
53019,36.98,38.73
53021,42.48,44.46
53023,35.05,35.74
53025,40.58,41.52
53027,39.13,42.83
53029,31.12,31.95
53031,31.69,31.09
53033,28.08,29.39
53035,34.83,35.96
53037,31.9,35.23
53039,37.13,35.02
53041,41.2,40.25
53043,36.85,37.55
53045,38.96,37.68
53047,32.64,39.94
53049,40.23,42.75
53051,35.42,37.32
53053,38.83,38.78
53055,25.09,26.04
53057,33.79,36.48
53059,37.62,37.99
53061,35.09,35.98
53063,34.08,34.91
53065,35.26,36.33
53067,36.33,35.23
53069,37.8,36.84
53071,36.09,35.48
53073,31.15,32.2
53075,34.37,36.56
53077,38.24,43.72
54001,39.69,41.88
54003,38.64,41.49
54005,43.37,44.81
54007,38.64,42.9
54009,40.45,39.51
54011,40.27,41.17
54013,41.18,45.88
54015,41.67,49.24
54017,41.33,41.12
54019,38.85,42.92
54021,39.46,44.25
54023,37.27,42.15
54025,35.67,36.51
54027,39.74,41.78
54029,38.97,42.13
54031,35.98,41.14
54033,38.35,37.94
54035,39.89,42.28
54037,39.5,35.48
54039,35.36,39.97
54041,38.7,38.9
54043,45.9,47.92
54045,41.84,48.09
54047,45.96,47.13
54049,39.24,43.05
54051,36.2,41.98
54053,43.78,42.64
54055,39.68,38.74
54057,38.3,41.29
54059,41.52,46.51
54061,28.53,34.53
54063,39.83,38.82
54065,38.04,40.05
54067,37.56,41.77
54069,34.28,36.15
54071,34.65,38.8
54073,39.18,35.95
54075,36.46,37.67
54077,36.74,42.39
54079,39.1,39.09
54081,37.29,42.41
54083,36.14,39.54
54085,38.73,39.85
54087,41.68,46.54
54089,39.0,43.52
54091,38.73,43.5
54093,36.79,39.18
54095,40.5,40.15
54097,37.37,38.52
54099,41.41,45.96
54101,40.17,44.41
54103,40.23,40.7
54105,38.68,39.97
54107,39.22,37.51
54109,41.18,44.99
55001,40.09,39.99
55003,36.47,34.85
55005,35.63,36.95
55007,37.19,35.38
55009,36.38,34.95
55011,39.33,35.78
55013,34.77,35.2
55015,38.99,35.98
55017,34.79,36.88
55019,36.68,39.45
55021,38.98,37.01
55023,35.56,32.87
55025,31.0,31.76
55027,40.1,41.18
55029,34.91,35.66
55031,35.77,36.51
55033,36.8,37.2
55035,34.5,34.18
55037,35.6,35.88
55039,39.47,38.74
55041,36.23,38.69
55043,35.95,34.84
55045,36.69,33.35
55047,39.55,38.16
55049,35.67,33.73
55051,37.98,34.52
55053,38.4,41.25
55055,36.24,38.29
55057,37.69,40.22
55059,35.06,37.22
55061,37.9,36.47
55063,34.51,31.8
55065,36.82,35.09
55067,37.31,37.34
55069,37.74,35.63
55071,37.44,34.68
55073,34.01,32.15
55075,37.09,35.65
55077,41.19,38.69
55078,35.95,49.95
55079,33.81,41.96
55081,37.09,36.95
55083,37.28,36.65
55085,35.64,33.04
55087,36.6,35.49
55089,30.69,28.63
55091,37.67,35.45
55093,37.04,33.34
55095,37.41,33.28
55097,35.84,35.1
55099,34.91,35.51
55101,37.6,38.12
55103,34.79,37.43
55105,36.56,36.28
55107,36.44,37.57
55109,37.73,32.63
55111,35.31,38.53
55113,35.53,37.41
55115,36.73,36.82
55117,35.26,32.49
55119,35.8,37.25
55121,40.53,37.84
55123,35.07,36.39
55125,35.28,32.72
55127,35.57,33.51
55129,36.53,34.7
55131,34.61,35.01
55133,32.46,29.48
55135,36.54,36.8
55137,39.27,38.54
55139,37.4,36.22
55141,33.1,34.66
56001,25.69,31.39
56003,36.2,33.92
56005,40.47,37.03
56007,35.23,36.95
56009,36.48,37.02
56011,35.81,35.53
56013,31.86,34.24
56015,36.47,36.66
56017,32.29,35.67
56019,34.66,31.43
56021,32.14,33.15
56023,32.58,28.98
56025,33.99,34.41
56027,36.65,36.96
56029,28.15,27.34
56031,31.7,34.03
56033,33.45,30.27
56035,29.82,27.95
56037,34.73,36.01
56039,21.6,19.6
56041,36.55,34.75
56043,32.4,34.67
56045,36.82,35.9
2911,38.97,41.88
2911,38.97,41.88
