FIPS,smoking_prevalence
01001,25.1
01003,20.9
01005,26.25
01007,29.41
01009,27.17
01011,26.84
01013,28.14
01015,26.42
01017,28.18
01019,25.76
01021,27.62
01023,24.66
01025,24.2
01027,28.87
01029,28.52
01031,23.26
01033,25.16
01035,27.43
01037,29.65
01039,28.47
01041,27.32
01043,26.8
01045,23.49
01047,26.39
01049,27.46
01051,26.15
01053,27.42
01055,27.76
01057,27.04
01059,25.28
01061,27.21
01063,25.99
01065,26.06
01067,23.39
01069,24.85
01071,28.09
01073,22.06
01075,26.07
01077,23.14
01079,26.98
01081,20.66
01083,23.59
01085,25.5
01087,24.63
01089,19.97
01091,21.48
01093,26.78
01095,27.46
01097,25.03
01099,26.29
01101,21.57
01103,25.79
01105,25.76
01107,26.69
01109,22.17
01111,28.51
01113,26.83
01115,25.74
01117,17.69
01119,24.19
01121,26.41
01123,26.83
01125,22.4
01127,28.7
01129,25.16
01131,25.72
01133,28.17
02016,24.63
02016,26.25
02020,19.14
02050,33.11
02060,27.69
02068,31.85
02070,31.35
02090,20.73
02100,18.13
02110,18.76
02122,23.09
02150,22.44
02164,30.07
02170,23.23
02180,36.89
02185,35.39
02188,41.18
02220,18.82
02105,21.74
02240,22.56
02261,22.11
NA,38.62
02130,22.69
04001,26.8
04003,20.99
04005,21.54
04007,26.69
04009,22.29
04011,20.67
04012,26.75
04013,19.71
04015,29.22
04017,24.48
04019,19.53
04021,23.56
04023,17.71
04025,23.69
04027,19.08
05001,27.6
05003,26.61
05005,27.4
05007,20.88
05009,26.57
05011,27.22
05013,29.84
05015,24.58
05017,26.63
05019,23.96
05021,30.33
05023,26.25
05025,26.75
05027,24.82
05029,27.09
05031,24.58
05033,29.17
05035,27.03
05037,28.22
05039,30.02
05041,27.6
05043,24.34
05045,22.76
05047,28.45
05049,27.6
05051,28.09
05053,27.46
05055,28.94
05057,24.98
05059,30.36
05061,27.7
05063,26.72
05065,27.83
05067,31.6
05069,27.1
05071,25.4
05073,27.19
05075,29.49
05077,30.3
05079,30.6
05081,27.4
05083,28.69
05085,25.34
05087,28.31
05089,28.33
05091,28.29
05093,29.41
05095,27.62
05097,28.13
05099,27.02
05101,25.7
05103,27.08
05105,29.85
05107,28.55
05109,26.77
05111,31.75
05113,28.06
05115,23.92
05117,27.16
05119,23.13
05121,27.76
05123,27.72
05125,26.26
05127,29.32
05129,29.01
05131,27.81
05133,27.28
05135,28.52
05137,28.07
05139,27.09
05141,27.91
05143,22.31
05145,25.8
05147,28.88
05149,27.45
06001,12.93
06003,18.23
06005,22.43
06007,21.01
06009,19.66
06011,19.69
06013,13.92
06015,26.01
06017,16.92
06019,17.28
06021,21.46
06023,22.09
06025,16.22
06027,20.32
06029,17.42
06031,17.37
06033,23.2
06035,24.35
06037,13.37
06039,19.37
06041,12.24
06043,18.9
06045,22.03
06047,18.25
06049,20.94
06051,17.58
06053,15.39
06055,15.36
06057,16.42
06059,11.85
06061,15.01
06063,21.63
06065,17.08
06067,18.26
06081,15.77
06081,17.31
06081,13.65
06081,12.34
06081,18.99
06081,14.03
06081,11.39
06087,13.3
06087,11.25
06087,13.58
06089,22.98
06091,22.29
06093,21.19
06095,16.64
06097,16.52
06099,18.97
06101,19.24
06103,23.92
06105,23.47
06107,16.76
06109,22.31
06111,13.12
06113,13.98
06115,21.46
08003,19.29
08005,17.21
08007,18.97
08009,21.97
08011,27.5
08001,18.68
08015,21.55
08017,20.97
08019,18.78
08021,18.02
08023,20.4
08025,25.92
08027,22.3
08029,24.03
08031,20.39
08033,22.05
08035,11.92
08037,13.7
08039,16.73
08041,18.02
08043,29.09
08045,19.09
08047,20.48
08049,19.89
08051,14.23
08053,14.74
08055,21.06
08057,20.23
08061,19.76
08063,23.79
08065,19.64
08067,16.91
08069,16.25
08071,22.05
08073,23.7
08075,25.28
08077,21.59
08079,15.62
08081,23.03
08083,19.83
08085,21.8
08087,22.95
08089,23.87
08091,15.24
08093,20.05
08095,20.76
08097,13.55
08099,21.55
08101,22.98
08105,18.34
08105,19.34
08107,14.7
08109,21.47
08113,19.82
08113,12.74
08115,22.87
08117,14.36
08119,23.17
08121,21.6
08125,21.13
09001,14.91
09003,17.9
09005,19.21
09007,17.35
09011,19.12
09011,18.83
09013,16.22
09015,21.11
10001,24.44
10003,19.85
10005,24.56
NA,19.63
12001,16.72
12003,28.03
12005,24.22
12007,26.99
12009,23.43
12011,17.68
12013,28.7
12015,24.39
12017,26.54
12019,20.45
12021,19.07
12023,27.9
12027,28.03
12029,29.22
12031,21.79
12033,23.06
12035,24.14
12037,27.43
12039,24.04
12041,26.75
12043,26.92
12045,27.71
12047,29.37
12049,25.26
12051,23.55
12053,26.26
12055,24.99
12057,19.67
12059,27.47
12061,23.57
12063,25.2
12065,23.95
12067,26.06
12069,22.83
12071,21.11
12073,16.16
12075,26.24
12077,27.51
12079,25.86
12081,22.87
12083,24.7
12085,20.98
12086,16.18
12087,20.12
12089,22.85
12091,21.62
12093,28.04
12095,18.68
12097,20.46
12099,18.25
12101,25.23
12103,23.23
12105,23.97
12107,27.17
12111,17.37
12111,24.1
12113,21.89
12115,23.69
12117,18.73
12119,25.71
12121,27.15
12123,27.6
12125,27.98
12127,24.58
12129,25.38
12131,23.28
12133,27.38
13001,25.7
13003,27.07
13005,27.52
13007,26.14
13009,24.18
13011,24.62
13013,23.31
13015,25.82
13017,27.49
13019,28.13
13021,22.81
13023,25.14
13025,30.17
13027,26.07
13029,20.05
13031,20.67
13033,26.73
13035,27.66
13037,25.77
13039,23.07
13043,24.24
13045,24.49
13047,25.06
13049,29.75
13051,21.72
13053,19.16
13055,29.77
13057,18.89
13059,17.59
13061,26.96
13063,22.19
13065,26.46
13067,16.45
13069,26.84
13071,25.84
13073,17.63
13075,27.67
13077,21.51
13079,25.13
13081,27.35
13083,24.46
13085,22.49
13087,24.86
13089,17.57
13091,24.59
13093,27.74
13095,24.16
13097,22.15
13099,26.0
13101,25.25
13103,23.37
13105,26.86
13107,26.37
13109,25.93
13111,26.28
13113,15.75
13115,25.45
13117,15.19
13119,24.88
13121,15.87
13123,26.13
13125,25.9
13127,22.62
13129,26.23
13131,24.57
13133,23.55
13135,16.35
13137,22.6
13139,20.29
13141,27.05
13143,27.58
13145,19.35
13147,23.83
13149,28.74
13151,20.52
13153,20.58
13155,28.19
13157,22.36
13159,24.0
13161,25.07
13163,25.84
13165,26.24
13167,27.16
13169,22.47
13171,26.02
13173,26.35
13175,24.93
13177,24.15
13179,21.85
13181,25.53
13183,24.85
13185,23.29
13187,21.74
13189,25.92
13191,25.89
13193,27.57
13195,26.14
13197,28.8
13199,28.3
13201,24.98
13205,27.03
13207,23.68
13209,23.68
13211,21.49
13213,29.16
13215,23.14
13217,22.81
13219,15.9
13221,23.5
13223,22.24
13225,22.64
13227,23.24
13229,27.05
13231,24.43
13233,26.98
13235,27.83
13237,22.22
13239,28.34
13241,22.33
13243,25.39
13245,23.74
13247,20.26
13249,25.99
13251,26.52
13253,25.12
13255,26.37
13257,24.98
13259,27.62
13261,24.3
13263,25.56
13265,26.37
13267,26.9
13269,26.72
13271,25.59
13273,27.78
13275,24.53
13277,25.34
13279,23.67
13281,22.54
13283,28.14
13285,24.66
13287,27.68
13289,26.37
13291,21.7
13293,28.06
13295,26.96
13297,23.09
13299,26.49
13301,27.45
13303,25.93
13305,27.06
13307,24.43
13309,27.93
13311,21.51
13313,25.08
13315,27.77
13317,27.02
13319,25.29
13321,27.57
15001,19.85
15003,16.1
15007,19.09
15005,16.73
16001,16.62
16003,22.65
16005,21.19
16007,19.12
16009,26.92
16011,19.98
16013,13.91
16015,21.65
16017,22.72
16019,16.1
16021,25.85
16023,21.08
16025,22.42
16027,21.01
16029,20.51
16031,20.44
16033,22.17
16035,26.11
16037,20.23
16039,22.43
16041,20.0
16043,19.56
16045,23.37
16047,23.07
16049,25.03
16051,16.48
16053,22.0
16055,23.02
16057,15.56
16059,23.49
16061,23.38
16063,21.76
16065,13.06
16067,21.88
16069,24.09
16071,20.7
16073,24.61
16075,24.13
16077,20.12
16079,26.58
16081,14.2
16083,23.49
16085,18.98
16087,25.14
17001,23.23
17003,27.96
17005,22.66
17007,21.82
17009,25.9
17011,24.13
17013,22.12
17015,22.01
17017,25.25
17019,17.19
17021,27.88
17023,23.83
17025,25.57
17027,22.96
17029,22.54
17031,19.26
17033,24.07
17035,24.2
17037,19.1
17039,24.21
17041,24.48
17043,14.88
17045,25.97
17047,24.52
17049,22.28
17051,25.03
17053,24.4
17055,25.94
17057,25.16
17059,26.76
17061,26.05
17063,23.38
17065,23.86
17067,23.23
17069,25.73
17071,23.38
17073,22.27
17075,24.31
17077,17.78
17079,23.18
17081,24.56
17083,23.55
17085,19.72
17087,24.56
17089,17.3
17091,25.43
17093,16.82
17095,25.32
17097,16.49
17099,24.3
17101,28.04
17103,24.84
17105,26.27
17107,25.64
17109,19.03
17111,18.57
17113,16.29
17115,24.6
17117,25.8
17119,23.89
17121,25.76
17123,22.78
17125,25.05
17127,24.16
17129,22.8
17131,23.59
17133,20.59
17135,27.7
17137,24.28
17139,24.94
17141,21.8
17143,20.74
17145,25.39
17147,20.78
17149,25.57
17151,24.81
17153,24.5
17155,23.35
17157,26.8
17159,23.3
17161,21.71
17163,23.05
17165,25.65
17167,22.19
17169,23.49
17171,23.09
17173,23.3
17175,23.01
17177,22.73
17179,21.56
17181,23.78
17183,26.86
17185,23.49
17187,23.99
17189,21.5
17191,25.31
17193,24.58
17195,23.5
17197,19.47
17199,22.64
17201,22.89
17203,19.42
18001,26.75
18003,23.2
18005,20.79
18007,25.03
18009,29.66
18011,18.26
18013,23.06
18015,24.44
18017,27.17
18019,27.16
18021,26.82
18023,25.66
18025,27.14
18027,28.77
18029,25.97
18031,26.06
18033,25.79
18035,25.73
18037,23.08
18039,23.65
18041,32.05
18043,25.79
18045,27.26
18047,25.42
18049,26.54
18051,24.8
18053,26.83
18055,27.75
18057,14.33
18059,23.69
18061,26.03
18063,20.28
18065,28.64
18067,25.56
18069,26.43
18071,25.82
18073,26.22
18075,29.29
18077,26.55
18079,27.94
18081,23.6
18083,27.08
18085,24.83
18087,27.37
18089,26.22
18091,28.75
18093,26.68
18095,27.68
18097,25.73
18099,24.64
18101,27.4
18103,30.2
18105,17.3
18107,24.94
18109,27.99
18111,29.56
18113,25.65
18115,25.04
18117,25.85
18119,28.55
18121,27.57
18123,28.95
18125,26.22
18127,24.09
18129,23.08
18131,25.99
18133,26.78
18135,27.32
18137,24.36
18139,27.15
18141,23.23
18143,29.72
18145,27.08
18147,23.36
18149,28.53
18151,23.96
18153,27.66
18155,28.1
18157,18.09
18159,24.84
18161,25.14
18163,25.53
18165,27.06
18167,26.03
18169,26.65
18171,25.98
18173,20.46
18175,27.73
18177,27.81
18179,25.86
18181,24.41
18183,26.53
19001,22.35
19003,22.32
19005,22.6
19007,24.89
19009,22.24
19011,21.74
19013,20.83
19015,23.19
19017,17.28
19019,21.74
19021,19.33
19023,21.53
19025,20.66
19027,22.7
19029,23.46
19031,21.95
19033,22.6
19035,21.14
19037,22.7
19039,24.82
19041,22.66
19043,21.51
19045,23.25
19047,23.4
19049,15.54
19051,24.07
19053,22.21
19055,22.24
19057,23.74
19059,20.14
19061,18.75
19063,23.44
19065,21.57
19067,22.78
19069,23.12
19071,23.19
19073,23.91
19075,19.21
19077,21.33
19079,24.36
19081,22.96
19083,22.06
19085,21.82
19087,23.59
19089,23.89
19091,23.62
19093,21.84
19095,20.38
19097,22.19
19099,23.25
19101,20.52
19103,15.22
19105,22.2
19107,24.26
19109,21.86
19111,25.93
19113,20.25
19115,22.89
19117,25.38
19119,20.82
19121,21.05
19123,22.61
19125,19.71
19127,22.35
19129,21.38
19131,22.46
19133,25.1
19135,22.72
19137,25.02
19139,23.84
19141,20.12
19143,23.47
19145,24.82
19147,23.0
19149,21.1
19151,21.96
19153,18.65
19155,23.78
19157,22.12
19159,21.46
19161,21.26
19163,19.95
19165,21.96
19167,18.15
19169,13.81
19171,23.22
19173,22.97
19175,24.39
19177,25.29
19179,26.25
19181,19.37
19183,21.23
19185,24.14
19187,25.06
19189,20.63
19191,18.11
19193,25.13
19195,22.86
19197,23.55
20001,25.44
20003,25.64
20005,25.35
20007,21.48
20009,23.59
20011,24.52
20013,26.64
20015,21.53
20017,22.65
20019,25.31
20021,27.23
20023,20.67
20025,19.15
20027,23.92
20029,24.71
20031,23.69
20033,20.62
20035,25.17
20037,23.92
20039,20.33
20041,23.92
20043,24.06
20045,17.62
20047,19.85
20049,23.17
20051,18.89
20053,22.39
20055,20.54
20057,20.53
20059,24.91
20061,23.43
20063,21.64
20065,22.09
20067,20.47
20069,20.9
20071,20.47
20073,25.08
20075,21.94
20077,23.98
20079,20.53
20081,21.37
20083,20.33
20085,23.4
20087,23.61
20089,21.24
20091,15.53
20093,21.84
20095,23.81
20097,19.97
20099,24.86
20101,21.41
20103,23.74
20105,22.73
20107,24.0
20109,22.03
20111,21.71
20113,20.35
20115,21.9
20117,24.74
20119,19.47
20121,23.49
20123,20.48
20125,26.12
20127,23.56
20129,21.25
20131,22.49
20133,26.8
20135,21.55
20137,25.82
20139,23.76
20141,21.34
20143,22.43
20145,22.92
20147,23.5
20149,18.81
20151,22.32
20153,21.45
20155,24.44
20157,21.56
20159,21.54
20161,16.43
20163,21.44
20165,22.12
20167,22.78
20169,23.99
20171,19.21
20173,22.1
20175,22.3
20177,22.34
20179,20.34
20181,24.62
20183,22.73
20185,20.7
20187,19.93
20189,21.34
20191,24.29
20193,21.14
20195,21.69
20197,21.97
20199,18.86
20201,20.92
20203,21.3
20205,28.06
20207,24.77
20209,26.58
21001,29.43
21003,31.53
21005,27.62
21007,27.57
21009,28.9
21011,31.02
21013,32.74
21015,22.26
21017,28.37
21019,29.39
21021,26.17
21023,28.34
21025,32.41
21027,30.25
21029,31.54
21031,30.03
21033,29.77
21035,23.68
21037,25.5
21039,26.02
21041,31.98
21043,30.91
21045,30.74
21047,29.0
21049,27.99
21051,36.73
21053,33.46
21055,29.74
21057,31.12
21059,25.63
21061,28.58
21063,34.64
21065,34.05
21067,20.57
21069,29.74
21071,30.65
21073,25.28
21075,29.06
21077,29.86
21079,28.54
21081,27.57
21083,27.94
21085,31.02
21087,30.23
21089,28.13
21091,27.86
21093,26.12
21095,32.36
21097,29.74
21099,32.07
21101,26.88
21103,28.91
21105,28.47
21107,30.01
21109,33.79
21111,26.71
21113,25.61
21115,32.53
21117,24.84
21119,30.71
21121,35.46
21123,29.92
21125,32.9
21127,32.52
21129,34.48
21131,32.96
21133,29.85
21135,31.28
21137,31.18
21139,30.0
21141,30.23
21143,29.28
21145,26.2
21147,34.34
21149,28.46
21151,24.55
21153,31.65
21155,28.95
21157,27.63
21159,32.65
21161,29.01
21163,28.28
21165,33.31
21167,28.49
21169,32.0
21171,30.5
21173,30.88
21175,32.25
21177,29.8
21179,29.13
21181,29.32
21183,29.83
21185,20.91
21187,26.04
21189,31.18
21191,28.96
21193,31.7
21195,30.26
21197,32.28
21199,29.33
21201,30.96
21203,30.91
21205,27.39
21207,30.92
21209,23.7
21211,25.62
21213,29.7
21215,27.22
21217,29.68
21219,30.88
21221,27.23
21223,26.11
21225,28.87
21227,23.92
21229,26.44
21231,32.97
21233,29.71
21235,31.9
21237,32.0
21239,23.95
22001,30.57
22003,31.37
22005,22.5
22007,29.08
22009,30.21
22011,26.95
22013,26.36
22015,23.84
22017,26.0
22019,26.11
22021,29.25
22023,26.64
22025,29.49
22027,27.84
22029,29.63
22031,27.92
22037,19.43
22037,30.19
22037,25.22
22039,30.84
22041,28.04
22043,27.59
22045,27.75
22047,27.88
22049,26.8
22053,23.61
22053,29.1
22055,24.93
22057,27.02
NA,26.66
22061,19.95
22063,26.18
22065,29.6
22067,28.9
22069,24.3
22071,21.73
22073,26.32
22075,25.56
22077,27.29
22079,26.78
22081,28.43
22083,27.29
22085,27.84
22103,29.65
22103,24.02
22103,26.08
22103,26.04
22103,25.23
22103,29.74
22103,29.62
22103,29.28
22103,22.27
22105,25.38
22107,28.28
22109,28.38
22111,26.12
22113,27.77
22115,24.94
22117,29.11
22119,27.28
22125,24.52
22125,29.46
22125,25.42
22127,28.73
23001,23.51
23003,25.31
23005,17.37
23007,22.57
23009,21.79
23011,22.74
23013,21.3
23015,20.2
23017,25.06
23019,22.99
23021,23.91
23023,19.65
23025,25.07
23027,21.34
23029,27.41
23031,19.98
24001,24.2
24003,19.1
24510,19.25
24009,20.23
24011,23.91
24013,17.92
24015,22.8
24017,17.96
24019,23.41
24021,16.68
24023,22.14
24025,18.81
24027,11.47
24029,20.4
24031,11.51
24033,18.29
24035,19.36
24037,19.36
24039,25.88
24041,18.49
24043,21.48
24045,21.34
24047,20.44
24510,26.5
25001,19.81
25003,21.32
25005,24.15
25007,18.8
25009,18.1
25011,19.19
25013,22.13
25015,16.66
25017,15.83
25019,15.51
25021,16.19
25023,21.86
25025,18.68
25027,19.71
26001,26.3
26003,26.03
26005,21.81
26007,24.94
26009,21.85
26011,27.65
26013,28.06
26015,22.3
26017,24.49
26019,21.33
26021,24.04
26023,26.94
26025,25.53
26027,24.65
26029,22.37
26031,26.0
26033,24.45
26035,27.72
26037,19.39
26039,25.97
26041,24.7
26043,24.16
26045,20.34
26047,21.38
26049,26.15
26051,25.97
26053,25.41
26055,20.26
26057,26.48
26059,26.5
26061,20.2
26063,25.8
26065,18.42
26067,25.24
26069,28.1
26071,25.08
26073,22.71
26075,24.65
26077,19.58
26079,26.48
26081,20.23
26083,21.35
26085,29.7
26087,25.99
26089,16.7
26091,23.24
26093,19.16
26095,26.69
26097,25.16
26099,25.44
26101,23.98
26103,20.93
26105,22.69
26107,23.76
26109,25.47
26111,19.59
26113,24.29
26115,24.64
26117,27.39
26119,27.97
26121,27.17
26123,26.09
26125,18.38
26127,24.1
26129,27.74
26131,23.16
26133,25.17
26135,27.68
26137,24.39
26139,19.12
26141,24.49
26143,26.99
26145,24.7
26149,28.0
26149,25.81
26151,27.5
26153,27.26
26155,25.65
26157,26.56
26159,24.99
26161,14.85
26163,25.61
26165,24.87
27001,24.53
27003,20.27
27005,21.47
27007,23.86
27009,19.71
27011,22.2
27013,20.11
27015,23.37
27017,23.99
27019,15.04
27021,23.24
27023,22.73
27025,22.94
27027,18.63
27029,25.25
27031,17.66
27033,22.38
27035,20.9
27037,17.2
27039,19.19
27041,19.24
27043,22.45
27045,19.89
27047,24.22
27049,20.23
27051,21.5
27053,17.28
27055,19.26
27057,22.16
27059,23.24
27061,23.73
27063,21.25
27065,24.85
27067,19.96
27069,20.4
27071,25.92
27073,21.48
27077,22.02
27077,24.02
27079,20.35
27081,20.6
27083,19.59
27085,21.86
27087,28.03
27089,21.55
27091,22.36
27093,21.23
27095,23.58
27097,21.2
27099,21.98
27101,21.18
27103,18.9
27105,22.58
27107,22.74
27109,17.13
27111,20.21
27113,25.47
27115,26.34
27117,22.9
27119,20.84
27121,19.86
27123,19.51
27125,23.87
27127,23.21
27129,22.12
27131,18.88
27133,21.87
27135,23.05
27137,22.83
27139,15.37
27141,20.91
27143,21.38
27145,18.48
27147,19.57
27149,19.0
27151,22.26
27153,21.91
27155,20.91
27157,20.45
27159,23.57
27161,21.91
27163,16.64
27165,22.49
27167,22.43
27169,19.52
27171,20.3
27173,21.59
28001,25.36
28003,25.73
28005,27.3
28007,24.32
28009,26.92
28011,23.75
28013,27.32
28015,25.82
28017,26.65
28019,23.8
28021,24.15
28023,25.88
28025,24.47
28027,25.3
28029,27.18
28031,26.46
28033,24.13
28035,23.29
28037,25.97
28039,26.24
28041,27.8
28043,26.82
28045,25.54
28047,26.44
28049,22.81
28051,25.54
28053,26.51
28055,29.82
28057,25.64
28059,25.4
28061,24.44
28065,24.38
28065,25.18
28067,24.81
28069,26.16
28071,18.27
28073,19.62
28075,26.21
28077,26.12
28079,27.4
28081,25.47
28083,25.96
28085,26.1
28087,23.36
28089,16.81
28091,26.54
28093,28.65
28095,26.61
28097,27.02
28099,28.74
28101,24.88
28103,26.91
28105,16.26
28107,26.25
28109,26.98
28111,27.54
28113,25.67
28115,28.01
28117,27.95
28119,27.65
28121,22.91
28123,27.86
28125,23.03
28127,26.8
28129,25.41
28131,26.21
28133,26.38
28135,28.74
28137,24.44
28139,28.1
28141,27.1
28143,25.74
28145,27.61
28147,25.62
28149,24.98
28151,24.97
28153,25.23
28155,24.32
28157,26.62
28159,23.13
28161,27.56
28163,27.0
29001,23.27
29003,24.4
29005,22.83
29007,28.77
29009,28.25
29011,26.99
29013,29.91
29015,28.79
29017,28.25
29019,18.04
29021,28.44
29023,29.93
29025,25.39
29027,24.34
29029,27.06
29031,23.94
29033,26.95
29035,28.36
29037,25.76
29039,26.98
29041,26.35
29043,21.96
29045,27.83
29047,23.0
29049,25.61
29051,21.36
29053,27.35
29055,29.54
29057,28.69
29059,27.89
29061,25.61
29063,29.71
29065,29.73
29067,28.77
29069,32.35
29071,26.54
29073,27.05
29075,26.98
29077,23.59
29079,27.51
29081,29.26
29083,28.05
29085,31.03
29087,25.56
29089,25.9
29091,25.21
29093,29.82
29095,25.9
29097,27.52
29099,28.19
29101,22.42
29103,26.19
29105,29.07
29107,26.54
29109,27.21
29111,26.64
29113,27.51
29115,27.66
29117,25.97
29119,29.81
29121,26.46
29123,29.09
29125,26.11
29127,27.96
29129,26.08
29131,27.63
29133,32.3
29135,26.54
29137,27.1
29139,29.06
29141,28.67
29143,29.79
29145,26.72
29147,23.9
29149,28.73
29151,24.5
29153,29.55
29155,31.69
29157,27.46
29159,26.94
29161,24.27
29163,29.88
29165,20.02
29167,25.78
29169,24.57
29171,26.1
29173,25.22
29175,29.56
29177,27.73
29179,31.21
29181,30.5
29510,19.61
29510,28.33
29186,27.68
29510,29.88
29510,20.92
29195,27.76
29197,29.43
29199,25.22
29201,28.57
29203,26.95
29205,26.4
29207,28.91
29209,27.37
29211,26.97
29213,27.26
29215,28.49
29217,29.8
29219,26.84
29221,31.7
29223,30.53
29225,27.29
29227,24.39
29229,28.55
29510,28.75
30001,19.28
30003,30.99
30005,27.65
30007,24.07
30009,19.34
30011,22.9
30013,22.65
30015,22.91
30017,23.25
30019,20.05
30021,23.28
30023,26.04
30025,21.72
30027,22.08
30029,19.27
30031,15.08
30033,23.0
30035,29.13
30037,20.01
30039,21.15
30041,25.62
30043,18.48
30045,18.35
30047,24.64
30049,18.73
30051,24.04
30053,21.41
30055,20.65
30057,17.78
30059,26.6
30061,25.88
30063,18.47
30065,23.58
30067,19.54
30069,20.26
30071,23.69
30073,23.64
30075,21.85
30077,25.23
30079,21.81
30081,20.55
30083,24.41
30085,31.77
30087,24.29
30089,23.15
30091,21.89
30093,24.64
30095,20.79
30097,20.21
30099,19.41
30101,25.24
30103,21.0
30105,24.35
30107,22.71
30109,21.22
30111,21.61
31001,20.46
31003,22.09
31005,17.86
31007,18.52
31009,21.74
31011,21.11
31013,22.95
31015,22.97
31017,22.56
31019,18.21
31021,21.47
31023,23.86
31025,22.06
31027,22.15
31029,21.44
31031,22.21
31033,20.44
31035,21.59
31037,21.74
31039,21.93
31041,20.95
31043,24.96
31045,18.38
31047,22.76
31049,22.44
31051,22.29
31053,24.81
31055,21.54
31057,19.88
31059,21.32
31061,22.73
31063,20.06
31065,22.23
31067,23.07
31069,21.3
31071,24.12
31073,21.1
31075,20.33
31077,22.72
31079,22.17
31081,20.93
31083,22.3
31085,20.95
31087,23.98
31089,22.68
31091,17.72
31093,21.98
31095,25.47
31097,25.34
31099,19.06
31101,21.38
31103,22.14
31105,22.73
31107,22.41
31109,20.26
31111,22.13
31113,20.93
31115,24.24
31117,16.79
31119,20.61
31121,22.73
31123,20.31
31125,23.43
31127,20.99
31129,23.53
31131,21.57
31133,23.1
31135,20.94
31137,21.55
31139,21.01
31141,19.76
31143,20.26
31145,21.38
31147,25.61
31149,21.46
31151,22.23
31153,18.29
31155,22.13
31157,20.67
31159,18.67
31161,22.58
31163,23.26
31165,18.54
31167,20.01
31169,21.9
31171,19.94
31173,30.18
31175,21.09
31177,18.83
31179,17.95
31181,22.13
31183,19.14
31185,21.67
32001,24.29
32003,23.12
32005,20.77
32007,22.19
32009,27.58
32011,22.25
32013,23.85
32015,25.4
32017,22.87
32019,26.97
32021,31.97
32023,30.45
32027,24.51
32029,25.14
32031,21.15
32033,27.05
32510,24.98
33001,20.2
33003,20.7
33005,20.52
33007,23.37
33009,16.73
33011,18.6
33013,17.76
33015,16.6
33017,19.83
33019,19.82
34001,22.82
34003,15.28
34005,18.97
34007,20.93
34009,22.68
34011,25.44
34013,19.23
34015,20.67
34017,16.55
34019,14.23
34021,17.43
34023,15.24
34025,17.75
34027,14.03
34029,21.63
34031,18.15
34033,22.83
34035,12.38
34037,18.16
34039,18.07
34041,19.72
35001,21.0
35003,22.33
35005,22.89
35006,25.67
35007,18.78
35009,21.64
35011,20.85
NA,18.36
35015,23.88
35017,20.13
35019,21.07
35021,18.91
35023,20.64
35025,24.02
35027,22.33
35028,13.17
35029,22.47
35031,23.52
35033,18.46
35035,23.69
35037,22.65
35039,21.5
35041,22.4
35043,19.89
35047,25.45
35047,19.61
35049,18.46
35051,25.24
35053,23.78
35055,17.95
35057,26.48
35059,21.74
35061,22.74
36001,17.66
36003,22.33
36005,20.28
36007,20.17
36009,25.21
36011,23.31
36013,24.91
36015,21.93
36017,22.61
36019,19.55
36021,20.13
36023,20.74
36025,22.54
36027,17.34
36029,20.33
36031,18.93
36033,22.95
36035,24.21
36037,21.4
36039,23.93
36041,18.77
36043,21.09
36045,20.83
36047,18.46
36049,22.75
36051,20.34
36053,20.31
36055,16.89
36057,23.37
36059,15.02
36061,14.19
36063,22.57
36065,21.28
36067,18.67
36069,17.64
36071,18.78
36073,23.26
36075,23.27
36077,19.49
36079,15.09
36081,16.46
36083,20.37
36085,20.1
36087,15.49
36089,21.77
36091,17.09
36093,20.14
36095,21.78
36097,22.17
36099,22.94
36101,22.01
36103,17.64
36105,23.37
36107,19.43
36109,12.93
36111,19.93
36113,20.99
36115,22.62
36117,21.01
36119,14.8
36121,24.47
36123,20.86
37001,24.74
37003,25.58
37005,25.58
37007,26.28
37009,25.06
37011,23.65
37013,23.46
37015,25.99
37017,26.35
37019,24.55
37021,21.76
37023,26.01
37025,21.52
37027,27.53
37029,22.02
37031,23.52
37033,27.94
37035,23.34
37037,18.33
37039,25.31
37041,24.9
37043,23.67
37045,26.08
37047,26.57
37049,22.42
37051,23.24
37053,23.77
37055,21.39
37057,25.9
37059,22.82
37061,25.42
37063,17.02
37065,26.87
37067,21.89
37069,24.31
37071,26.12
37073,24.9
37075,26.74
37077,25.02
37079,24.84
37081,20.11
37083,27.18
37085,23.72
37087,24.56
37089,21.75
37091,24.95
37093,23.19
37095,25.17
37097,21.43
37099,23.4
37101,23.16
37103,25.8
37105,23.25
37107,25.95
37109,22.87
37111,28.0
37113,24.37
37115,25.31
37117,24.93
37119,15.77
37121,26.29
37123,24.83
37125,20.12
37127,24.47
37129,20.8
37131,27.66
37133,23.0
37135,15.3
37137,23.13
37139,23.66
37141,23.78
37143,23.09
37145,25.23
37147,22.41
37149,23.08
37151,26.55
37153,26.01
37155,28.45
37157,27.82
37159,26.1
37161,27.29
37163,25.17
37165,25.45
37167,24.93
37169,27.27
37171,25.46
37173,27.06
37175,21.56
37177,27.26
37179,18.24
37181,28.73
37183,14.91
37185,26.88
37187,24.81
37189,17.59
37191,24.36
37193,26.45
37195,24.83
37197,25.53
37199,25.44
38001,22.61
38003,21.65
38005,33.36
38007,21.99
38009,22.04
38011,20.93
38013,24.07
38015,18.82
38017,18.99
38019,21.76
38021,20.72
38023,22.77
38025,24.0
38027,24.31
38029,23.22
38031,22.58
38033,23.79
38035,19.54
38037,23.01
38039,24.75
38041,23.37
38043,21.16
38045,21.64
38047,24.29
38049,25.31
38051,22.37
38053,25.03
38055,22.84
38057,23.16
38059,21.79
38061,26.26
38063,22.21
38065,21.86
38067,22.39
38069,26.29
38071,25.34
38073,23.66
38075,23.03
38077,23.45
38079,31.77
38081,22.29
38083,21.76
38085,35.23
38087,21.33
38089,22.53
38091,22.56
38093,24.96
38095,21.49
38097,19.21
38099,24.29
38101,22.79
38103,22.32
38105,26.98
39001,29.2
39003,25.7
39005,23.56
39007,29.01
39009,22.16
39011,22.91
39013,27.86
39015,29.11
39017,23.57
39019,28.36
39021,25.61
39023,27.52
39025,23.69
39027,27.51
39029,29.82
39031,27.12
39033,27.23
39035,22.91
39037,25.56
39039,23.5
39041,14.77
39043,23.62
39045,21.48
39047,28.55
39049,20.65
39051,23.45
39053,26.42
39055,20.35
39057,19.54
39059,28.38
39061,21.81
39063,22.67
39065,26.01
39067,29.91
39069,24.27
39071,30.19
39073,25.98
39075,29.05
39077,25.43
39079,28.24
39081,28.31
39083,23.15
39085,23.36
39087,27.45
39089,23.63
39091,25.92
39093,23.2
39095,25.27
39097,26.19
39099,27.19
39101,28.17
39103,21.42
39105,28.5
39107,22.58
39109,24.46
39111,25.84
39113,24.43
39115,28.48
39117,24.51
39119,27.38
39121,30.68
39123,24.02
39125,24.36
39127,27.97
39129,25.88
39131,30.08
39133,25.02
39135,27.3
39137,20.06
39139,25.85
39141,28.48
39143,25.42
39145,27.99
39147,25.33
39149,24.67
39151,25.74
39153,24.0
39155,28.56
39157,26.23
39159,21.21
39161,24.1
39163,29.32
39165,18.98
39167,25.44
39169,25.2
39171,25.73
39173,20.32
39175,25.28
40001,33.53
40003,24.44
40005,27.58
40007,22.21
40009,27.46
40011,26.02
40013,26.11
40015,30.43
40017,22.23
40019,27.65
40021,27.76
40023,28.86
40025,22.55
40027,21.47
40029,29.45
40031,26.46
40033,27.47
40035,30.22
40037,29.94
40039,22.8
40041,29.4
40043,23.06
40045,20.46
40047,24.13
40049,27.57
40051,27.56
40053,23.37
40055,27.33
40057,23.89
40059,22.37
40061,29.93
40063,30.71
40065,22.94
40067,28.08
40069,27.9
40071,27.54
40073,23.5
40075,27.04
40077,28.37
40079,29.92
40081,29.5
40083,23.36
40085,25.02
40087,23.99
40089,28.87
40091,29.86
40093,23.46
40095,26.82
40097,29.79
40099,28.57
40101,29.76
40103,25.09
40105,30.16
40107,31.99
40109,23.85
40111,30.53
40113,28.03
40115,30.94
40117,28.56
40119,21.05
40121,28.38
40123,24.61
40125,29.31
40127,30.15
40129,23.38
40131,23.85
40133,30.14
40135,32.02
40137,27.79
40139,21.04
40141,25.28
40143,23.91
40145,24.98
40147,25.95
40149,25.38
40151,22.04
40153,25.02
41001,24.33
41003,15.05
41005,17.61
41007,23.64
41009,24.29
41011,28.13
41013,24.38
41015,25.88
41017,18.67
41019,26.53
41021,23.5
41023,23.16
41025,25.1
41027,19.25
41029,22.04
41031,24.15
41033,24.96
41035,23.82
41037,23.53
41039,21.19
41041,23.72
41043,23.11
41045,23.85
41047,20.32
41049,24.48
41051,19.25
41053,18.87
41055,23.98
41057,22.21
41059,24.39
41061,22.84
41063,22.73
41065,22.8
41067,14.66
41069,22.94
41071,18.45
42001,21.54
42003,23.64
42005,26.0
42007,25.42
42009,24.26
42011,22.3
42013,23.62
42015,23.59
42017,19.32
42019,21.08
42021,23.21
42023,26.26
42025,26.47
42027,15.39
42029,14.68
42031,23.76
42033,24.09
42035,23.1
42037,22.54
42039,25.3
42041,17.79
42043,20.31
42045,20.09
42047,25.79
42049,25.14
42051,27.06
42053,30.17
42055,22.33
42057,23.82
42059,24.47
42061,23.8
42063,20.38
42065,25.33
42067,23.92
42069,23.38
42071,21.34
42073,24.76
42075,22.94
42077,21.45
42079,24.41
42081,22.34
42083,27.26
42085,25.22
42087,25.16
42089,22.28
42091,16.71
42093,22.84
42095,22.53
42097,24.87
42099,22.63
42101,24.88
42103,23.9
42105,24.77
42107,26.42
42109,22.35
42111,25.71
42113,23.71
42115,24.65
42117,22.48
42119,21.71
42121,27.32
42123,26.27
42125,23.74
42127,25.32
42129,22.2
42131,23.54
42133,20.78
44001,17.08
44003,20.73
44005,17.24
44007,20.63
44009,16.6
45001,25.39
45003,22.38
45005,25.28
45007,23.88
45009,23.78
45011,25.66
45013,18.66
45015,22.99
45017,22.2
45019,19.13
45021,28.09
45023,27.03
45025,25.52
45027,23.73
45029,25.42
45031,23.39
45033,27.63
45035,21.46
45037,23.0
45039,24.78
45041,22.68
45043,21.46
45045,19.98
45047,24.92
45049,24.84
45051,25.04
45053,25.12
45055,22.9
45057,24.34
45059,26.45
45061,27.2
45063,22.25
45065,23.51
45067,24.67
45069,26.88
45071,25.54
45073,22.83
45075,23.73
45077,21.89
45079,19.2
45081,23.74
45083,25.04
45085,23.71
45087,27.49
45089,23.2
45091,21.4
46003,21.84
46005,22.09
46007,29.83
46009,23.14
46011,16.97
46013,20.31
46015,21.86
46017,35.67
46019,24.99
46021,20.13
46023,26.99
46025,22.37
46027,16.89
46029,23.25
46031,30.83
46033,19.57
46035,19.17
46037,24.4
46039,21.15
46041,33.69
46043,20.66
46045,19.7
46047,23.78
46049,22.82
46051,24.79
46053,22.12
46055,19.69
46057,21.73
46059,20.96
46061,20.57
46063,17.74
46065,18.1
46067,19.14
46069,23.11
46071,27.47
46073,22.5
46075,22.55
46077,19.53
46079,19.15
46081,21.68
46083,16.03
46085,25.6
46087,20.22
46089,21.52
46091,22.17
46093,22.23
46095,29.43
46097,20.5
46099,21.28
46101,21.75
46103,23.05
46105,20.7
46107,21.62
46109,26.81
46111,21.26
NA,36.0
46115,20.9
46117,22.05
46119,18.72
46121,34.36
46123,23.6
46125,20.72
46127,18.99
46129,23.29
46135,21.47
46137,31.53
47001,24.8
47003,26.84
47005,28.65
47007,29.66
47009,23.76
47011,26.48
47013,32.09
47015,28.18
47017,26.85
47019,29.17
47021,26.0
47023,25.68
47025,28.54
47027,25.65
47029,30.24
47031,26.3
47033,25.99
47035,26.61
47037,20.86
47039,26.39
47041,26.44
47043,27.74
47045,26.13
47047,22.27
47049,28.93
47051,26.38
47053,26.6
47055,26.88
47057,29.25
47059,27.7
47061,29.76
47063,27.46
47065,23.59
47067,30.63
47069,27.81
47071,28.21
47073,29.07
47075,26.04
47077,26.96
47079,28.38
47081,29.81
47083,28.94
47085,28.02
47087,29.42
47089,28.14
47091,29.57
47093,19.94
47095,31.6
47097,29.56
47099,27.52
47101,29.99
47103,27.14
47105,23.76
47107,27.66
47109,27.56
47111,29.53
47113,23.27
47115,27.76
47117,27.26
47119,27.07
47121,30.94
47123,29.27
47125,23.92
47127,26.33
47129,29.85
47131,27.37
47133,26.6
47135,29.69
47137,26.46
47139,29.45
47141,24.41
47143,29.0
47145,25.89
47147,27.31
47149,20.73
47151,30.77
47153,28.07
47155,25.58
47157,21.78
47159,26.81
47161,27.55
47163,28.18
47165,24.79
47167,25.73
47169,28.13
47171,30.18
47173,30.03
47175,28.9
47177,27.44
47179,24.44
47181,29.34
47183,25.11
47185,28.16
47187,14.46
47189,22.37
48001,28.01
48003,22.05
48005,24.56
48007,21.65
48009,21.37
48011,18.52
48013,19.74
48015,19.66
48017,20.56
48019,20.04
48021,20.25
48023,21.13
48025,22.7
48027,19.7
48029,18.05
48031,19.08
48033,16.97
48035,22.69
48037,23.75
48039,18.08
48041,16.31
48043,15.12
48045,20.96
48047,17.79
48049,23.57
48051,23.52
48053,21.64
48055,21.64
48057,19.98
48059,23.43
48061,15.2
48063,23.95
48065,20.03
48067,24.93
48069,19.97
48071,21.44
48073,25.18
48075,22.14
48077,21.99
48079,20.07
48081,21.56
48083,23.95
48085,13.26
48087,19.79
48089,20.91
48091,17.6
48093,22.01
48095,22.41
48097,22.66
48099,22.4
48101,18.57
48103,20.8
48105,22.03
48107,19.74
48109,17.89
48111,24.08
48113,19.04
48115,23.62
48117,19.44
48119,23.59
48121,15.18
48123,22.91
48125,23.3
48127,17.86
48129,21.82
48131,18.35
48133,24.22
48135,23.66
48137,17.96
48139,20.55
48141,17.85
48143,21.18
48145,24.62
48147,25.06
48149,20.29
48151,20.52
48153,18.71
48155,21.57
48157,13.92
48159,20.79
48161,26.07
48163,20.52
48165,22.92
48167,18.8
48169,23.91
48171,19.14
48173,17.96
48175,19.77
48177,20.49
48179,24.22
48181,23.59
48183,23.54
48185,24.89
48187,18.81
48189,21.51
48191,21.22
48193,23.36
48195,19.71
48197,22.32
48199,24.86
48201,17.68
48203,23.55
48205,21.18
48207,21.81
48209,15.94
48211,22.29
48213,26.8
48215,14.8
48217,22.67
48219,19.25
48221,22.51
48223,23.67
48225,25.58
48227,24.78
48229,19.75
48231,23.53
48233,24.2
48235,22.93
48237,25.93
48239,21.47
48241,25.65
48243,16.85
48245,23.81
48249,17.51
48249,18.53
48251,23.13
48253,26.27
48255,21.85
48257,22.33
48259,15.43
48261,14.31
48263,18.4
48265,18.97
48267,21.88
48269,18.58
48271,19.9
48273,16.44
48275,21.54
48277,24.19
48279,20.71
48281,21.22
48283,21.95
48285,21.57
48287,21.45
48289,24.46
48291,26.26
48293,23.98
48295,19.27
48297,21.2
48299,24.21
48301,27.19
48303,20.36
48305,20.39
48307,22.0
48309,20.7
48311,25.15
48313,25.42
48315,25.5
48317,21.42
48319,17.4
48321,20.83
48323,16.1
48325,18.38
48327,20.86
48329,19.6
48331,22.5
48333,20.81
48335,23.74
48337,23.82
48339,18.98
48341,20.57
48343,23.92
48345,19.96
48347,20.62
48349,23.54
48351,26.92
48353,22.42
48355,19.26
48357,21.71
48359,19.04
48361,26.81
48363,25.08
48365,25.94
48367,21.18
48369,19.78
48371,20.38
48373,26.8
48375,23.51
48377,14.7
48379,25.94
48381,18.59
48383,21.19
48385,19.6
48387,26.27
48389,21.05
48391,20.77
48393,15.75
48395,23.03
48397,16.46
48399,22.08
48401,24.24
48403,26.15
48411,27.94
48411,25.8
48411,20.58
48411,23.17
48413,17.35
48415,22.19
48417,20.68
48419,23.62
48421,17.0
48423,20.74
48425,18.02
48427,17.64
48429,24.77
48431,17.79
48433,17.35
48435,19.05
48437,20.5
48439,18.82
48441,20.78
48443,19.1
48445,23.24
48447,22.01
48449,22.23
48451,20.65
48453,14.94
48455,27.58
48457,27.23
48459,24.52
48461,19.25
48463,18.02
48465,17.81
48467,25.92
48469,21.1
48471,23.1
48473,19.54
48475,23.15
48477,19.9
48479,15.64
48481,21.62
48483,19.78
48485,22.84
48487,23.12
48489,17.69
48491,14.82
48493,18.94
48495,24.77
48497,22.12
48499,24.16
48501,19.04
48503,24.82
48505,17.45
48507,17.46
49001,21.03
49003,14.2
49005,10.89
49007,17.56
49009,19.18
49011,9.99
49013,15.78
49015,19.65
49017,19.17
49019,20.54
49021,15.93
49023,16.79
49025,15.81
49027,19.22
49029,11.8
49031,20.23
49033,16.98
49035,13.0
49037,23.91
49039,15.54
49041,19.83
49043,10.67
49045,15.57
49047,20.98
49049,7.81
49051,9.4
49053,15.47
49055,17.48
49057,15.7
50001,16.7
50003,19.76
50005,19.47
50007,13.78
50009,20.99
50011,20.57
50013,16.41
50015,16.67
50017,18.55
50019,22.75
50021,20.14
50023,16.97
50025,17.93
50027,17.6
51001,22.99
51003,14.31
51005,24.78
51007,24.59
51009,25.49
51011,24.46
51013,10.96
51015,24.46
51017,25.26
51019,23.48
51021,26.76
51023,22.11
51025,28.18
51027,30.06
51029,25.88
51031,25.13
51033,23.89
51035,26.3
51036,26.25
51037,25.75
51041,18.88
51043,18.76
51045,24.68
51047,21.68
51049,24.03
51051,30.34
51053,25.79
51057,24.66
51600,12.85
51061,19.15
51063,23.33
51065,20.95
51620,23.79
51069,22.05
51071,26.16
51073,22.29
51075,18.68
51077,26.7
51079,23.02
51081,27.89
51083,26.37
51085,19.62
51087,18.74
51089,27.24
51091,22.87
51093,20.41
51095,16.5
51101,24.88
51101,18.33
51101,23.92
51103,21.86
51105,27.88
51107,11.74
51109,24.17
51111,28.4
51113,24.05
51115,21.21
51117,28.09
51119,20.54
51121,17.48
51125,22.69
51127,23.09
51131,23.53
51133,23.01
51135,28.75
51137,22.82
51139,27.75
51141,27.83
51143,25.76
51145,21.76
51153,23.53
51153,23.25
51153,18.34
51155,26.42
51157,20.11
51760,27.69
51770,20.76
51163,23.51
51165,21.72
51167,28.04
51169,28.0
51171,24.46
51173,26.43
51175,25.57
51177,18.74
51179,16.92
51181,23.12
51183,27.38
51185,26.42
51187,24.33
51191,23.22
51193,25.32
51195,29.46
51197,26.03
51199,16.27
51510,13.63
51520,29.07
51530,31.65
51540,19.76
51550,20.35
51570,27.08
51580,30.17
51590,27.12
51595,27.12
51610,10.02
51630,18.65
51640,26.4
51650,22.63
51660,18.25
51670,29.96
51678,18.08
51680,21.96
51685,21.37
51690,24.31
51700,22.87
51710,22.71
51720,29.21
51730,28.57
51735,19.12
51740,25.58
51750,21.5
51760,22.35
51770,27.68
51775,24.72
51790,21.14
51800,22.1
51810,19.87
51830,15.7
51840,25.23
53001,16.67
53003,25.17
53005,17.86
53007,18.97
53009,23.97
53011,18.86
53013,21.38
53015,24.55
53017,19.53
53019,25.04
53021,19.28
53023,17.19
53025,19.34
53027,26.54
53029,18.26
53031,19.84
53033,14.15
53035,19.76
53037,16.75
53039,21.5
53041,23.92
53043,19.71
53045,24.36
53047,21.9
53049,25.03
53051,23.22
53053,20.63
53055,16.33
53057,20.51
53059,19.52
53061,19.32
53063,20.38
53065,21.46
53067,18.97
53069,23.68
53071,18.43
53073,17.94
53075,12.26
53077,19.77
54001,27.77
54003,26.13
54005,32.3
54007,29.94
54009,29.76
54011,26.92
54013,31.8
54015,32.41
54017,30.7
54019,31.36
54021,28.77
54023,30.59
54025,27.33
54027,32.68
54029,31.36
54031,31.83
54033,25.76
54035,29.03
54037,22.47
54039,26.47
54041,27.56
54043,31.36
54045,32.03
54047,33.87
54049,25.64
54051,28.49
54053,32.36
54055,28.86
54057,29.54
54059,31.95
54061,21.0
54063,27.96
54065,27.83
54067,28.75
54069,26.28
54071,27.89
54073,30.24
54075,26.8
54077,28.82
54079,24.17
54081,30.32
54083,27.72
54085,30.54
54087,33.58
54089,28.44
54091,26.54
54093,26.24
54095,29.52
54097,26.37
54099,31.17
54101,30.78
54103,28.3
54105,30.25
54107,29.2
54109,31.72
55001,25.97
55003,23.61
55005,23.51
55007,20.99
55009,19.1
55011,21.99
55013,22.96
55015,17.72
55017,22.81
55019,23.97
55021,23.18
55023,23.38
55025,15.73
55027,23.58
55029,19.07
55031,23.35
55033,20.15
55035,19.23
55037,23.87
55039,20.84
55041,27.72
55043,20.95
55047,21.27
55047,24.01
55049,20.23
55051,23.55
55053,25.17
55055,21.27
55057,25.77
55059,22.03
55061,21.92
55063,20.48
55065,21.03
55067,25.05
55069,23.53
55071,20.92
55073,20.98
55075,25.5
55077,26.32
55078,33.68
55079,23.56
55081,24.91
55083,23.5
55085,22.38
55087,19.32
55089,16.17
55091,21.35
55093,19.32
55095,22.31
55097,19.37
55099,23.81
55101,22.38
55103,23.36
55105,22.95
55107,24.81
55109,17.96
55111,23.01
55113,24.48
55115,24.08
55117,20.25
55119,24.13
55121,22.58
55123,22.9
55125,24.53
55127,20.88
55129,22.13
55131,19.3
55133,17.25
55135,23.22
55137,25.19
55139,21.17
55141,22.58
56001,15.17
56003,21.9
56005,24.35
56007,22.91
56009,23.72
56011,22.88
56013,23.68
56015,22.33
56017,23.1
56019,20.82
56021,22.08
56023,18.11
56025,25.11
56027,23.58
56029,19.18
56031,23.07
56033,22.5
56035,16.55
56037,22.91
56039,13.25
56041,21.38
56043,22.05
56045,24.97
